Node Number, X [ m ], Y [ m ], Z [ m ], Approximated Mass Flow [ kg s^-1 ], Area [ m^2 ], Connectivity Number, Density [ kg m^-3 ], Domain Node Number [  ], Eddy Viscosity [ Pa s ], Edge Length Ratio, Element Volume Ratio, Force [ N ], Force X [ N ], Force Y [ N ], Force Z [ N ], Heat Flux [ W m^-2 ], Interpolated Mass Flow [ kg s^-1 ], Length [ m ], Mass Flow [ kg s^-1 ], Mass Flux [ kg s^-1 m^-2 ], Maximum Face Angle [ degree ], Minimum Face Angle [ degree ], Normal, Normal X, Normal Y, Normal Z, Pressure [ Pa ], Specific Dissipation Rate [ s^-1 ], Turbulence Kinetic Energy [ m^2 s^-2 ], Velocity [ m s^-1 ], Velocity u [ m s^-1 ], Velocity u.Gradient [ s^-1 ], Velocity u.Gradient X [ s^-1 ], Velocity u.Gradient Y [ s^-1 ], Velocity u.Gradient Z [ s^-1 ], Velocity u_Scalar [ m s^-1 ], Velocity v [ m s^-1 ], Velocity v.Gradient [ s^-1 ], Velocity v.Gradient X [ s^-1 ], Velocity v.Gradient Y [ s^-1 ], Velocity v.Gradient Z [ s^-1 ], Velocity v_Scalar [ m s^-1 ], Velocity w [ m s^-1 ], Velocity w.Gradient [ s^-1 ], Velocity w.Gradient X [ s^-1 ], Velocity w.Gradient Y [ s^-1 ], Velocity w.Gradient Z [ s^-1 ], Velocity.Absolute Helicity [ m s^-2 ], Velocity.Curl [ s^-1 ], Velocity.Curl X [ s^-1 ], Velocity.Curl Y [ s^-1 ], Velocity.Curl Z [ s^-1 ], Velocity.Divergence [ s^-1 ], Velocity.Helicity [ m s^-2 ], Velocity.Invariant Q [ s^-2 ], Velocity.Lambda 2 [ s^-2 ], Velocity.Normal Eigen Helicity [ s^-1 ], Velocity.Real Eigen Helicity [ s^-1 ], Velocity.Real Eigenvalue [ s^-1 ], Velocity.Stretched Swirling Strength, Velocity.Swirling Discriminant [ s^-6 ], Velocity.Swirling Normal [ s^-1 ], Velocity.Swirling Normal X [ s^-1 ], Velocity.Swirling Normal Y [ s^-1 ], Velocity.Swirling Normal Z [ s^-1 ], Velocity.Swirling Strength [ s^-1 ], Velocity.Swirling Vector [ s^-1 ], Velocity.Swirling Vector X [ s^-1 ], Velocity.Swirling Vector Y [ s^-1 ], Velocity.Swirling Vector Z [ s^-1 ], Volume [ m^3 ], Wall Shear [ Pa ], Wall Shear X [ Pa ], Wall Shear Y [ Pa ], Wall Shear Z [ Pa ], Wall Yplus, Wall Ystar, X [ m ], Y [ m ], Z [ m ]
0, 1.35240602e+00, 7.14285746e-02, 4.99999942e-03, null, 1.78571398e-04, 2.00000000e+00, 9.98200012e+02, 799, 7.08618462e-01, 3.57704043e+00, 1.00031590e+00, 2.15454306e-02, 2.15401668e-02, -4.76218003e-04, 0.00000000e+00, null, null, 0.00000000e+00, null, 0.00000000e+00, 9.02517014e+01, 8.97482986e+01, 1.00000000e+00, 1.00000000e+00, 0.00000000e+00, 0.00000000e+00, 1.20624954e+02, 8.49217529e+01, 3.02396044e-02, 0.00000000e+00, 0.00000000e+00, 5.05962563e+00, 4.98423719e+00, 8.70165884e-01, 3.22336990e-10, 0.00000000e+00, 0.00000000e+00, 8.01275349e+00, 5.21201658e+00, -6.08597612e+00, 2.91683051e-07, 0.00000000e+00, 0.00000000e+00, 0.00000000e+00, 0.00000000e+00, 0.00000000e+00, 0.00000000e+00, 0.00000000e+00, 4.34185076e+00, -2.91683051e-07, 3.22336990e-10, 4.34185076e+00, -1.10173893e+00, 0.00000000e+00, -3.48692665e+01, 2.85181408e+01, 0.00000000e+00, 0.00000000e+00, -4.09061146e+00, 0.00000000e+00, -1.58390051e+03, 0.00000000e+00, 0.00000000e+00, 0.00000000e+00, 0.00000000e+00, 0.00000000e+00, 0.00000000e+00, 0.00000000e+00, 0.00000000e+00, 0.00000000e+00, 0.00000000e+00, 2.66682124e+00, 0.00000000e+00, -2.66682124e+00, 0.00000000e+00, 9.08218933e+02, 1.69434424e+03, 1.35240602e+00, 7.14285746e-02, 4.99999942e-03
1, 1.35240602e+00, 7.14285746e-02, -4.99999942e-03, null, 1.78571398e-04, 2.00000000e+00, 9.98200012e+02, 1640, 7.08618462e-01, 3.57704043e+00, 1.00031590e+00, 2.15454306e-02, 2.15401668e-02, -4.76218003e-04, 0.00000000e+00, null, null, 0.00000000e+00, null, 0.00000000e+00, 9.02517014e+01, 8.97482986e+01, 1.00000000e+00, 1.00000000e+00, 0.00000000e+00, 0.00000000e+00, 1.20624954e+02, 8.49217529e+01, 3.02396044e-02, 0.00000000e+00, 0.00000000e+00, 5.05962563e+00, 4.98423719e+00, 8.70165884e-01, 3.22336990e-10, 0.00000000e+00, 0.00000000e+00, 8.01275349e+00, 5.21201658e+00, -6.08597612e+00, 2.91683051e-07, 0.00000000e+00, 0.00000000e+00, 0.00000000e+00, 0.00000000e+00, 0.00000000e+00, 0.00000000e+00, 0.00000000e+00, 4.34185076e+00, -2.91683051e-07, 3.22336990e-10, 4.34185076e+00, -1.10173893e+00, 0.00000000e+00, -3.48692665e+01, 2.85181408e+01, 0.00000000e+00, 0.00000000e+00, -4.09061146e+00, 0.00000000e+00, -1.58390051e+03, 0.00000000e+00, 0.00000000e+00, 0.00000000e+00, 0.00000000e+00, 0.00000000e+00, 0.00000000e+00, 0.00000000e+00, 0.00000000e+00, 0.00000000e+00, 0.00000000e+00, 2.66682124e+00, 0.00000000e+00, -2.66682124e+00, 0.00000000e+00, 9.08218933e+02, 1.69434424e+03, 1.35240602e+00, 7.14285746e-02, -4.99999942e-03
2, 1.35240602e+00, 1.07142858e-01, -4.99999942e-03, null, 1.78571398e-04, 2.00000000e+00, 9.98200012e+02, 1596, 7.76068091e-01, 3.57430983e+00, 1.00078225e+00, 1.45597402e-02, -1.45406602e-02, -7.45140773e-04, 0.00000000e+00, null, null, 0.00000000e+00, null, 0.00000000e+00, 9.04135666e+01, 8.95864410e+01, 1.00000000e+00, 1.00000000e+00, 0.00000000e+00, 0.00000000e+00, -8.14277115e+01, 9.31624756e+01, 3.62468585e-02, 0.00000000e+00, 0.00000000e+00, 4.53633308e+00, 4.35696173e+00, 1.26301336e+00, 7.24885609e-08, 0.00000000e+00, 0.00000000e+00, 9.10310936e+00, 7.05166054e+00, -5.75679493e+00, 1.02026058e-06, 0.00000000e+00, 0.00000000e+00, 0.00000000e+00, 0.00000000e+00, 0.00000000e+00, 0.00000000e+00, 0.00000000e+00, 5.78864717e+00, -1.02026058e-06, 7.24885609e-08, 5.78864717e+00, -1.39983320e+00, 0.00000000e+00, -3.39884758e+01, 2.58043633e+01, 0.00000000e+00, 0.00000000e+00, -4.47181988e+00, 0.00000000e+00, -1.47518420e+03, 0.00000000e+00, 0.00000000e+00, 0.00000000e+00, 0.00000000e+00, 0.00000000e+00, 0.00000000e+00, 0.00000000e+00, 0.00000000e+00, 0.00000000e+00, 0.00000000e+00, 4.17278910e+00, 0.00000000e+00, -4.17278910e+00, 0.00000000e+00, 1.14536792e+03, 1.85715137e+03, 1.35240602e+00, 1.07142858e-01, -4.99999942e-03
3, 1.35240602e+00, 1.07142858e-01, 4.99999942e-03, null, 1.78571398e-04, 2.00000000e+00, 9.98200012e+02, 755, 7.76068091e-01, 3.57430983e+00, 1.00078225e+00, 1.45597402e-02, -1.45406602e-02, -7.45140773e-04, 0.00000000e+00, null, null, 0.00000000e+00, null, 0.00000000e+00, 9.04135666e+01, 8.95864410e+01, 1.00000000e+00, 1.00000000e+00, 0.00000000e+00, 0.00000000e+00, -8.14277115e+01, 9.31624756e+01, 3.62468585e-02, 0.00000000e+00, 0.00000000e+00, 4.53633308e+00, 4.35696173e+00, 1.26301336e+00, 7.24885609e-08, 0.00000000e+00, 0.00000000e+00, 9.10310936e+00, 7.05166054e+00, -5.75679493e+00, 1.02026058e-06, 0.00000000e+00, 0.00000000e+00, 0.00000000e+00, 0.00000000e+00, 0.00000000e+00, 0.00000000e+00, 0.00000000e+00, 5.78864717e+00, -1.02026058e-06, 7.24885609e-08, 5.78864717e+00, -1.39983320e+00, 0.00000000e+00, -3.39884758e+01, 2.58043633e+01, 0.00000000e+00, 0.00000000e+00, -4.47181988e+00, 0.00000000e+00, -1.47518420e+03, 0.00000000e+00, 0.00000000e+00, 0.00000000e+00, 0.00000000e+00, 0.00000000e+00, 0.00000000e+00, 0.00000000e+00, 0.00000000e+00, 0.00000000e+00, 0.00000000e+00, 4.17278910e+00, 0.00000000e+00, -4.17278910e+00, 0.00000000e+00, 1.14536792e+03, 1.85715137e+03, 1.35240602e+00, 1.07142858e-01, 4.99999942e-03
4, 1.35240602e+00, 1.42857149e-01, 4.99999942e-03, null, 1.78571470e-04, 2.00000000e+00, 9.98200012e+02, 800, 8.20927918e-01, 3.57160759e+00, 1.00024533e+00, 5.58152497e-02, -5.58066256e-02, -9.81219695e-04, 0.00000000e+00, null, null, 0.00000000e+00, null, 0.00000000e+00, 9.05756760e+01, 8.94243164e+01, 1.00000000e+00, 1.00000000e+00, 0.00000000e+00, 0.00000000e+00, -3.12517029e+02, 9.87948151e+01, 4.06372100e-02, 0.00000000e+00, 0.00000000e+00, 3.74690151e+00, 3.56184626e+00, 1.16297984e+00, 3.65584896e-08, 0.00000000e+00, 0.00000000e+00, 9.66934204e+00, 8.49982452e+00, -4.60968018e+00, 2.94107920e-08, 0.00000000e+00, 0.00000000e+00, 0.00000000e+00, 0.00000000e+00, 0.00000000e+00, 0.00000000e+00, 0.00000000e+00, 7.33684444e+00, -2.94107920e-08, 3.65584896e-08, 7.33684444e+00, -1.04783392e+00, 0.00000000e+00, -2.63040962e+01, 2.02230167e+01, 0.00000000e+00, 0.00000000e+00, -3.68421888e+00, 0.00000000e+00, -6.81106262e+02, 0.00000000e+00, 0.00000000e+00, 0.00000000e+00, 0.00000000e+00, 0.00000000e+00, 0.00000000e+00, 0.00000000e+00, 0.00000000e+00, 0.00000000e+00, 0.00000000e+00, 5.49482870e+00, 0.00000000e+00, -5.49482870e+00, 0.00000000e+00, 1.31543970e+03, 1.96560620e+03, 1.35240602e+00, 1.42857149e-01, 4.99999942e-03
5, 1.35240602e+00, 1.42857149e-01, -4.99999942e-03, null, 1.78571470e-04, 2.00000000e+00, 9.98200012e+02, 1641, 8.20927918e-01, 3.57160759e+00, 1.00024533e+00, 5.58152497e-02, -5.58066256e-02, -9.81219695e-04, 0.00000000e+00, null, null, 0.00000000e+00, null, 0.00000000e+00, 9.05756760e+01, 8.94243164e+01, 1.00000000e+00, 1.00000000e+00, 0.00000000e+00, 0.00000000e+00, -3.12517029e+02, 9.87948151e+01, 4.06372100e-02, 0.00000000e+00, 0.00000000e+00, 3.74690151e+00, 3.56184626e+00, 1.16297984e+00, 3.65584896e-08, 0.00000000e+00, 0.00000000e+00, 9.66934204e+00, 8.49982452e+00, -4.60968018e+00, 2.94107920e-08, 0.00000000e+00, 0.00000000e+00, 0.00000000e+00, 0.00000000e+00, 0.00000000e+00, 0.00000000e+00, 0.00000000e+00, 7.33684444e+00, -2.94107920e-08, 3.65584896e-08, 7.33684444e+00, -1.04783392e+00, 0.00000000e+00, -2.63040962e+01, 2.02230167e+01, 0.00000000e+00, 0.00000000e+00, -3.68421888e+00, 0.00000000e+00, -6.81106262e+02, 0.00000000e+00, 0.00000000e+00, 0.00000000e+00, 0.00000000e+00, 0.00000000e+00, 0.00000000e+00, 0.00000000e+00, 0.00000000e+00, 0.00000000e+00, 0.00000000e+00, 5.49482870e+00, 0.00000000e+00, -5.49482870e+00, 0.00000000e+00, 1.31543970e+03, 1.96560620e+03, 1.35240602e+00, 1.42857149e-01, -4.99999942e-03
6, 1.35240602e+00, 1.78571433e-01, -4.99999942e-03, null, 1.78571354e-04, 2.00000000e+00, 9.98200012e+02, 1595, 8.54378819e-01, 3.57142878e+00, 1.00252140e+00, 9.50483903e-02, -9.50409919e-02, -1.18588796e-03, 0.00000000e+00, null, null, 0.00000000e+00, null, 0.00000000e+00, 9.05771713e+01, 8.94228210e+01, 1.00000000e+00, 1.00000000e+00, 0.00000000e+00, 0.00000000e+00, -5.32229797e+02, 1.03239166e+02, 4.41841185e-02, 0.00000000e+00, 0.00000000e+00, 2.96789193e+00, 2.81444478e+00, 9.41957116e-01, -3.69969229e-08, 0.00000000e+00, 0.00000000e+00, 1.02439184e+01, 9.57471275e+00, -3.64180613e+00, -1.01939563e-07, 0.00000000e+00, 0.00000000e+00, 0.00000000e+00, 0.00000000e+00, 0.00000000e+00, 0.00000000e+00, 0.00000000e+00, 8.63275528e+00, 1.01939563e-07, -3.69969229e-08, 8.63275528e+00, -8.27361345e-01, 0.00000000e+00, -1.92686310e+01, 1.45059423e+01, 0.00000000e+00, 0.00000000e+00, -3.05315423e+00, 0.00000000e+00, -2.67318451e+02, 0.00000000e+00, 0.00000000e+00, 0.00000000e+00, 0.00000000e+00, 0.00000000e+00, 0.00000000e+00, 0.00000000e+00, 0.00000000e+00, 0.00000000e+00, 0.00000000e+00, 6.64097548e+00, 0.00000000e+00, -6.64097548e+00, 0.00000000e+00, 1.44474207e+03, 2.04644055e+03, 1.35240602e+00, 1.78571433e-01, -4.99999942e-03
7, 1.35240602e+00, 1.78571433e-01, 4.99999942e-03, null, 1.78571354e-04, 2.00000000e+00, 9.98200012e+02, 754, 8.54378819e-01, 3.57142878e+00, 1.00252140e+00, 9.50483903e-02, -9.50409919e-02, -1.18588796e-03, 0.00000000e+00, null, null, 0.00000000e+00, null, 0.00000000e+00, 9.05771713e+01, 8.94228210e+01, 1.00000000e+00, 1.00000000e+00, 0.00000000e+00, 0.00000000e+00, -5.32229797e+02, 1.03239166e+02, 4.41841185e-02, 0.00000000e+00, 0.00000000e+00, 2.96789193e+00, 2.81444478e+00, 9.41957116e-01, -3.69969229e-08, 0.00000000e+00, 0.00000000e+00, 1.02439184e+01, 9.57471275e+00, -3.64180613e+00, -1.01939563e-07, 0.00000000e+00, 0.00000000e+00, 0.00000000e+00, 0.00000000e+00, 0.00000000e+00, 0.00000000e+00, 0.00000000e+00, 8.63275528e+00, 1.01939563e-07, -3.69969229e-08, 8.63275528e+00, -8.27361345e-01, 0.00000000e+00, -1.92686310e+01, 1.45059423e+01, 0.00000000e+00, 0.00000000e+00, -3.05315423e+00, 0.00000000e+00, -2.67318451e+02, 0.00000000e+00, 0.00000000e+00, 0.00000000e+00, 0.00000000e+00, 0.00000000e+00, 0.00000000e+00, 0.00000000e+00, 0.00000000e+00, 0.00000000e+00, 0.00000000e+00, 6.64097548e+00, 0.00000000e+00, -6.64097548e+00, 0.00000000e+00, 1.44474207e+03, 2.04644055e+03, 1.35240602e+00, 1.78571433e-01, 4.99999942e-03
8, 1.35240602e+00, 3.57142873e-02, 4.99999942e-03, null, 1.78571427e-04, 2.00000000e+00, 9.98200012e+02, 756, 6.01899266e-01, 3.57422543e+00, 1.00078201e+00, 4.63738404e-02, 4.63731587e-02, -2.51408928e-04, 0.00000000e+00, null, null, 0.00000000e+00, null, 0.00000000e+00, 9.01259537e+01, 8.98740463e+01, 1.00000000e+00, 1.00000000e+00, 0.00000000e+00, 0.00000000e+00, 2.59689697e+02, 7.21826096e+01, 2.20116638e-02, 0.00000000e+00, 0.00000000e+00, 4.82924032e+00, 4.72698832e+00, -9.88506496e-01, -7.28183096e-08, 0.00000000e+00, 0.00000000e+00, 5.85965729e+00, 3.14541745e+00, -4.94387817e+00, 0.00000000e+00, 0.00000000e+00, 0.00000000e+00, 0.00000000e+00, 0.00000000e+00, 0.00000000e+00, 0.00000000e+00, 0.00000000e+00, 4.13392401e+00, 0.00000000e+00, -7.28183096e-08, 4.13392401e+00, -2.16889858e-01, 0.00000000e+00, -2.02603874e+01, 1.92093849e+01, 0.00000000e+00, 0.00000000e+00, -1.87538326e+00, 0.00000000e+00, -3.08199249e+02, 0.00000000e+00, 0.00000000e+00, 0.00000000e+00, 0.00000000e+00, 0.00000000e+00, 0.00000000e+00, 0.00000000e+00, 0.00000000e+00, 0.00000000e+00, 0.00000000e+00, 1.40788996e+00, 0.00000000e+00, -1.40788996e+00, 0.00000000e+00, 6.59147766e+02, 1.43894897e+03, 1.35240602e+00, 3.57142873e-02, 4.99999942e-03
9, 1.35240602e+00, 3.57142873e-02, -4.99999942e-03, null, 1.78571427e-04, 2.00000000e+00, 9.98200012e+02, 1597, 6.01899266e-01, 3.57422543e+00, 1.00078201e+00, 4.63738404e-02, 4.63731587e-02, -2.51408928e-04, 0.00000000e+00, null, null, 0.00000000e+00, null, 0.00000000e+00, 9.01259537e+01, 8.98740463e+01, 1.00000000e+00, 1.00000000e+00, 0.00000000e+00, 0.00000000e+00, 2.59689697e+02, 7.21826096e+01, 2.20116638e-02, 0.00000000e+00, 0.00000000e+00, 4.82924032e+00, 4.72698832e+00, -9.88506496e-01, -7.28183096e-08, 0.00000000e+00, 0.00000000e+00, 5.85965729e+00, 3.14541745e+00, -4.94387817e+00, 0.00000000e+00, 0.00000000e+00, 0.00000000e+00, 0.00000000e+00, 0.00000000e+00, 0.00000000e+00, 0.00000000e+00, 0.00000000e+00, 4.13392401e+00, 0.00000000e+00, -7.28183096e-08, 4.13392401e+00, -2.16889858e-01, 0.00000000e+00, -2.02603874e+01, 1.92093849e+01, 0.00000000e+00, 0.00000000e+00, -1.87538326e+00, 0.00000000e+00, -3.08199249e+02, 0.00000000e+00, 0.00000000e+00, 0.00000000e+00, 0.00000000e+00, 0.00000000e+00, 0.00000000e+00, 0.00000000e+00, 0.00000000e+00, 0.00000000e+00, 0.00000000e+00, 1.40788996e+00, 0.00000000e+00, -1.40788996e+00, 0.00000000e+00, 6.59147766e+02, 1.43894897e+03, 1.35240602e+00, 3.57142873e-02, -4.99999942e-03
10, 1.35240602e+00, 2.14285716e-01, 4.99999942e-03, null, 1.78571441e-04, 2.00000000e+00, 9.98200012e+02, 801, 8.81019294e-01, 3.57142878e+00, 1.00188947e+00, 1.29488528e-01, -1.29481435e-01, -1.35511591e-03, 0.00000000e+00, null, null, 0.00000000e+00, null, 0.00000000e+00, 9.05786591e+01, 8.94213409e+01, 1.00000000e+00, 1.00000000e+00, 0.00000000e+00, 0.00000000e+00, -7.25095947e+02, 1.06950546e+02, 4.71949875e-02, 0.00000000e+00, 0.00000000e+00, 2.31806445e+00, 2.20616913e+00, 7.11505651e-01, -7.23620417e-08, 0.00000000e+00, 0.00000000e+00, 1.07621565e+01, 1.03847122e+01, -2.82520175e+00, 5.78896334e-07, 0.00000000e+00, 0.00000000e+00, 0.00000000e+00, 0.00000000e+00, 0.00000000e+00, 0.00000000e+00, 0.00000000e+00, 9.67320633e+00, -5.78896334e-07, -7.23620417e-08, 9.67320633e+00, -6.19032621e-01, 0.00000000e+00, -1.36216545e+01, 1.00422239e+01, 0.00000000e+00, 0.00000000e+00, -2.45124030e+00, 0.00000000e+00, -9.42691269e+01, 0.00000000e+00, 0.00000000e+00, 0.00000000e+00, 0.00000000e+00, 0.00000000e+00, 0.00000000e+00, 0.00000000e+00, 0.00000000e+00, 0.00000000e+00, 0.00000000e+00, 7.58864832e+00, 0.00000000e+00, -7.58864832e+00, 0.00000000e+00, 1.54156165e+03, 2.11074390e+03, 1.35240602e+00, 2.14285716e-01, 4.99999942e-03
11, 1.35240602e+00, 2.14285716e-01, -4.99999942e-03, null, 1.78571441e-04, 2.00000000e+00, 9.98200012e+02, 1642, 8.81019294e-01, 3.57142878e+00, 1.00188947e+00, 1.29488528e-01, -1.29481435e-01, -1.35511591e-03, 0.00000000e+00, null, null, 0.00000000e+00, null, 0.00000000e+00, 9.05786591e+01, 8.94213409e+01, 1.00000000e+00, 1.00000000e+00, 0.00000000e+00, 0.00000000e+00, -7.25095947e+02, 1.06950546e+02, 4.71949875e-02, 0.00000000e+00, 0.00000000e+00, 2.31806445e+00, 2.20616913e+00, 7.11505651e-01, -7.23620417e-08, 0.00000000e+00, 0.00000000e+00, 1.07621565e+01, 1.03847122e+01, -2.82520175e+00, 5.78896334e-07, 0.00000000e+00, 0.00000000e+00, 0.00000000e+00, 0.00000000e+00, 0.00000000e+00, 0.00000000e+00, 0.00000000e+00, 9.67320633e+00, -5.78896334e-07, -7.23620417e-08, 9.67320633e+00, -6.19032621e-01, 0.00000000e+00, -1.36216545e+01, 1.00422239e+01, 0.00000000e+00, 0.00000000e+00, -2.45124030e+00, 0.00000000e+00, -9.42691269e+01, 0.00000000e+00, 0.00000000e+00, 0.00000000e+00, 0.00000000e+00, 0.00000000e+00, 0.00000000e+00, 0.00000000e+00, 0.00000000e+00, 0.00000000e+00, 0.00000000e+00, 7.58864832e+00, 0.00000000e+00, -7.58864832e+00, 0.00000000e+00, 1.54156165e+03, 2.11074390e+03, 1.35240602e+00, 2.14285716e-01, -4.99999942e-03
12, 1.35240602e+00, 2.50000000e-01, -4.99999942e-03, null, 1.78571325e-04, 2.00000000e+00, 9.98200012e+02, 1594, 9.04296398e-01, 3.57143021e+00, 1.00126302e+00, 1.58159122e-01, -1.58152044e-01, -1.49667636e-03, 0.00000000e+00, null, null, 0.00000000e+00, null, 0.00000000e+00, 9.05794144e+01, 8.94205933e+01, 1.00000000e+00, 1.00000000e+00, 0.00000000e+00, 0.00000000e+00, -8.85651978e+02, 1.10134262e+02, 4.98813912e-02, 0.00000000e+00, 0.00000000e+00, 1.81879032e+00, 1.73984981e+00, 5.30019820e-01, 3.65714037e-08, 0.00000000e+00, 0.00000000e+00, 1.12279387e+01, 1.10071630e+01, -2.21561885e+00, 0.00000000e+00, 0.00000000e+00, 0.00000000e+00, 0.00000000e+00, 0.00000000e+00, 0.00000000e+00, 0.00000000e+00, 0.00000000e+00, 1.04771433e+01, 0.00000000e+00, 3.65714037e-08, 1.04771433e+01, -4.75769043e-01, 0.00000000e+00, -9.68885803e+00, 6.90070057e+00, 0.00000000e+00, 0.00000000e+00, -1.99351668e+00, 0.00000000e+00, -3.38831100e+01, 0.00000000e+00, 0.00000000e+00, 0.00000000e+00, 0.00000000e+00, 0.00000000e+00, 0.00000000e+00, 0.00000000e+00, 0.00000000e+00, 0.00000000e+00, 0.00000000e+00, 8.38139248e+00, 0.00000000e+00, -8.38139248e+00, 0.00000000e+00, 1.61783020e+03, 2.16677612e+03, 1.35240602e+00, 2.50000000e-01, -4.99999942e-03
13, 1.35240602e+00, 2.50000000e-01, 4.99999942e-03, null, 1.78571325e-04, 2.00000000e+00, 9.98200012e+02, 753, 9.04296398e-01, 3.57143021e+00, 1.00126302e+00, 1.58159122e-01, -1.58152044e-01, -1.49667636e-03, 0.00000000e+00, null, null, 0.00000000e+00, null, 0.00000000e+00, 9.05794144e+01, 8.94205933e+01, 1.00000000e+00, 1.00000000e+00, 0.00000000e+00, 0.00000000e+00, -8.85651978e+02, 1.10134262e+02, 4.98813912e-02, 0.00000000e+00, 0.00000000e+00, 1.81879032e+00, 1.73984981e+00, 5.30019820e-01, 3.65714037e-08, 0.00000000e+00, 0.00000000e+00, 1.12279387e+01, 1.10071630e+01, -2.21561885e+00, 0.00000000e+00, 0.00000000e+00, 0.00000000e+00, 0.00000000e+00, 0.00000000e+00, 0.00000000e+00, 0.00000000e+00, 0.00000000e+00, 1.04771433e+01, 0.00000000e+00, 3.65714037e-08, 1.04771433e+01, -4.75769043e-01, 0.00000000e+00, -9.68885803e+00, 6.90070057e+00, 0.00000000e+00, 0.00000000e+00, -1.99351668e+00, 0.00000000e+00, -3.38831100e+01, 0.00000000e+00, 0.00000000e+00, 0.00000000e+00, 0.00000000e+00, 0.00000000e+00, 0.00000000e+00, 0.00000000e+00, 0.00000000e+00, 0.00000000e+00, 0.00000000e+00, 8.38139248e+00, 0.00000000e+00, -8.38139248e+00, 0.00000000e+00, 1.61783020e+03, 2.16677612e+03, 1.35240602e+00, 2.50000000e-01, 4.99999942e-03
14, 1.35240602e+00, 2.85714298e-01, 4.99999942e-03, null, 1.78571470e-04, 2.00000000e+00, 9.98200012e+02, 802, 9.25601244e-01, 3.57143021e+00, 1.00094867e+00, 1.81452736e-01, -1.81445539e-01, -1.61627028e-03, 0.00000000e+00, null, null, 0.00000000e+00, null, 0.00000000e+00, 9.05801926e+01, 8.94198074e+01, 1.00000000e+00, 1.00000000e+00, 0.00000000e+00, 0.00000000e+00, -1.01609479e+03, 1.12981544e+02, 5.23750782e-02, 0.00000000e+00, 0.00000000e+00, 1.44279134e+00, 1.38496459e+00, 4.04375970e-01, 1.79074888e-08, 0.00000000e+00, 0.00000000e+00, 1.16254778e+01, 1.14928589e+01, -1.75098133e+00, -1.46272285e-07, 0.00000000e+00, 0.00000000e+00, 0.00000000e+00, 0.00000000e+00, 0.00000000e+00, 0.00000000e+00, 0.00000000e+00, 1.10884829e+01, 1.46272285e-07, 1.79074888e-08, 1.10884829e+01, -3.66016746e-01, 0.00000000e+00, -7.07248306e+00, 4.88780689e+00, 0.00000000e+00, 0.00000000e+00, -1.63537621e+00, 0.00000000e+00, -1.31644812e+01, 0.00000000e+00, 0.00000000e+00, 0.00000000e+00, 0.00000000e+00, 0.00000000e+00, 0.00000000e+00, 0.00000000e+00, 0.00000000e+00, 0.00000000e+00, 0.00000000e+00, 9.05111122e+00, 0.00000000e+00, -9.05111122e+00, 0.00000000e+00, 1.67952063e+03, 2.21791309e+03, 1.35240602e+00, 2.85714298e-01, 4.99999942e-03
15, 1.35240602e+00, 2.85714298e-01, -4.99999942e-03, null, 1.78571470e-04, 2.00000000e+00, 9.98200012e+02, 1643, 9.25601244e-01, 3.57143021e+00, 1.00094867e+00, 1.81452736e-01, -1.81445539e-01, -1.61627028e-03, 0.00000000e+00, null, null, 0.00000000e+00, null, 0.00000000e+00, 9.05801926e+01, 8.94198074e+01, 1.00000000e+00, 1.00000000e+00, 0.00000000e+00, 0.00000000e+00, -1.01609479e+03, 1.12981544e+02, 5.23750782e-02, 0.00000000e+00, 0.00000000e+00, 1.44279134e+00, 1.38496459e+00, 4.04375970e-01, 1.79074888e-08, 0.00000000e+00, 0.00000000e+00, 1.16254778e+01, 1.14928589e+01, -1.75098133e+00, -1.46272285e-07, 0.00000000e+00, 0.00000000e+00, 0.00000000e+00, 0.00000000e+00, 0.00000000e+00, 0.00000000e+00, 0.00000000e+00, 1.10884829e+01, 1.46272285e-07, 1.79074888e-08, 1.10884829e+01, -3.66016746e-01, 0.00000000e+00, -7.07248306e+00, 4.88780689e+00, 0.00000000e+00, 0.00000000e+00, -1.63537621e+00, 0.00000000e+00, -1.31644812e+01, 0.00000000e+00, 0.00000000e+00, 0.00000000e+00, 0.00000000e+00, 0.00000000e+00, 0.00000000e+00, 0.00000000e+00, 0.00000000e+00, 0.00000000e+00, 0.00000000e+00, 9.05111122e+00, 0.00000000e+00, -9.05111122e+00, 0.00000000e+00, 1.67952063e+03, 2.21791309e+03, 1.35240602e+00, 2.85714298e-01, -4.99999942e-03
16, 1.35240602e+00, 3.21428567e-01, -4.99999942e-03, null, 1.78571470e-04, 2.00000000e+00, 9.98200012e+02, 1593, 9.45843935e-01, 3.57143021e+00, 1.00063360e+00, 1.99998885e-01, -1.99991494e-01, -1.71945663e-03, 0.00000000e+00, null, null, 0.00000000e+00, null, 0.00000000e+00, 9.05805588e+01, 8.94194336e+01, 1.00000000e+00, 1.00000000e+00, 0.00000000e+00, 0.00000000e+00, -1.11995215e+03, 1.15631676e+02, 5.47752082e-02, 0.00000000e+00, 0.00000000e+00, 1.15374303e+00, 1.10782731e+00, 3.22244912e-01, -1.80976336e-08, 0.00000000e+00, 0.00000000e+00, 1.19506702e+01, 1.18693266e+01, -1.39198101e+00, -7.29810324e-07, 0.00000000e+00, 0.00000000e+00, 0.00000000e+00, 0.00000000e+00, 0.00000000e+00, 0.00000000e+00, 0.00000000e+00, 1.15470819e+01, 7.29810324e-07, -1.80976336e-08, 1.15470819e+01, -2.84153700e-01, 0.00000000e+00, -5.36690474e+00, 3.63909888e+00, 0.00000000e+00, 0.00000000e+00, -1.36301744e+00, 0.00000000e+00, -5.74696112e+00, 0.00000000e+00, 0.00000000e+00, 0.00000000e+00, 0.00000000e+00, 0.00000000e+00, 0.00000000e+00, 0.00000000e+00, 0.00000000e+00, 0.00000000e+00, 0.00000000e+00, 9.62895489e+00, 0.00000000e+00, -9.62895489e+00, 0.00000000e+00, 1.73102405e+03, 2.26637744e+03, 1.35240602e+00, 3.21428567e-01, -4.99999942e-03
17, 1.35240602e+00, 3.21428567e-01, 4.99999942e-03, null, 1.78571470e-04, 2.00000000e+00, 9.98200012e+02, 752, 9.45843935e-01, 3.57143021e+00, 1.00063360e+00, 1.99998885e-01, -1.99991494e-01, -1.71945663e-03, 0.00000000e+00, null, null, 0.00000000e+00, null, 0.00000000e+00, 9.05805588e+01, 8.94194336e+01, 1.00000000e+00, 1.00000000e+00, 0.00000000e+00, 0.00000000e+00, -1.11995215e+03, 1.15631676e+02, 5.47752082e-02, 0.00000000e+00, 0.00000000e+00, 1.15374303e+00, 1.10782731e+00, 3.22244912e-01, -1.80976336e-08, 0.00000000e+00, 0.00000000e+00, 1.19506702e+01, 1.18693266e+01, -1.39198101e+00, -7.29810324e-07, 0.00000000e+00, 0.00000000e+00, 0.00000000e+00, 0.00000000e+00, 0.00000000e+00, 0.00000000e+00, 0.00000000e+00, 1.15470819e+01, 7.29810324e-07, -1.80976336e-08, 1.15470819e+01, -2.84153700e-01, 0.00000000e+00, -5.36690474e+00, 3.63909888e+00, 0.00000000e+00, 0.00000000e+00, -1.36301744e+00, 0.00000000e+00, -5.74696112e+00, 0.00000000e+00, 0.00000000e+00, 0.00000000e+00, 0.00000000e+00, 0.00000000e+00, 0.00000000e+00, 0.00000000e+00, 0.00000000e+00, 0.00000000e+00, 0.00000000e+00, 9.62895489e+00, 0.00000000e+00, -9.62895489e+00, 0.00000000e+00, 1.73102405e+03, 2.26637744e+03, 1.35240602e+00, 3.21428567e-01, 4.99999942e-03
18, 1.35240602e+00, 3.57142866e-01, 4.99999942e-03, null, 1.78571325e-04, 2.00000000e+00, 9.98200012e+02, 803, 9.65729833e-01, 3.57143021e+00, 1.00047314e+00, 2.14441001e-01, -2.14433357e-01, -1.81012391e-03, 0.00000000e+00, null, null, 0.00000000e+00, null, 0.00000000e+00, 9.05809326e+01, 8.94190674e+01, 1.00000000e+00, 1.00000000e+00, 0.00000000e+00, 0.00000000e+00, -1.20082751e+03, 1.18185303e+02, 5.71616963e-02, 0.00000000e+00, 0.00000000e+00, 9.22439396e-01, 8.82236958e-01, 2.69355476e-01, 2.74220966e-08, 0.00000000e+00, 0.00000000e+00, 1.21994886e+01, 1.21497917e+01, -1.10004485e+00, -1.16415356e-06, 0.00000000e+00, 0.00000000e+00, 0.00000000e+00, 0.00000000e+00, 0.00000000e+00, 0.00000000e+00, 0.00000000e+00, 1.18804359e+01, 1.16415356e-06, 2.74220966e-08, 1.18804359e+01, -2.17807889e-01, 0.00000000e+00, -4.24311352e+00, 2.89721870e+00, 0.00000000e+00, 0.00000000e+00, -1.14558244e+00, 0.00000000e+00, -2.83728051e+00, 0.00000000e+00, 0.00000000e+00, 0.00000000e+00, 0.00000000e+00, 0.00000000e+00, 0.00000000e+00, 0.00000000e+00, 0.00000000e+00, 0.00000000e+00, 0.00000000e+00, 1.01366997e+01, 0.00000000e+00, -1.01366997e+01, 0.00000000e+00, 1.77514380e+03, 2.31387842e+03, 1.35240602e+00, 3.57142866e-01, 4.99999942e-03
19, 1.35240602e+00, 3.57142866e-01, -4.99999942e-03, null, 1.78571325e-04, 2.00000000e+00, 9.98200012e+02, 1644, 9.65729833e-01, 3.57143021e+00, 1.00047314e+00, 2.14441001e-01, -2.14433357e-01, -1.81012391e-03, 0.00000000e+00, null, null, 0.00000000e+00, null, 0.00000000e+00, 9.05809326e+01, 8.94190674e+01, 1.00000000e+00, 1.00000000e+00, 0.00000000e+00, 0.00000000e+00, -1.20082751e+03, 1.18185303e+02, 5.71616963e-02, 0.00000000e+00, 0.00000000e+00, 9.22439396e-01, 8.82236958e-01, 2.69355476e-01, 2.74220966e-08, 0.00000000e+00, 0.00000000e+00, 1.21994886e+01, 1.21497917e+01, -1.10004485e+00, -1.16415356e-06, 0.00000000e+00, 0.00000000e+00, 0.00000000e+00, 0.00000000e+00, 0.00000000e+00, 0.00000000e+00, 0.00000000e+00, 1.18804359e+01, 1.16415356e-06, 2.74220966e-08, 1.18804359e+01, -2.17807889e-01, 0.00000000e+00, -4.24311352e+00, 2.89721870e+00, 0.00000000e+00, 0.00000000e+00, -1.14558244e+00, 0.00000000e+00, -2.83728051e+00, 0.00000000e+00, 0.00000000e+00, 0.00000000e+00, 0.00000000e+00, 0.00000000e+00, 0.00000000e+00, 0.00000000e+00, 0.00000000e+00, 0.00000000e+00, 0.00000000e+00, 1.01366997e+01, 0.00000000e+00, -1.01366997e+01, 0.00000000e+00, 1.77514380e+03, 2.31387842e+03, 1.35240602e+00, 3.57142866e-01, -4.99999942e-03
20, 1.35240602e+00, 3.92857134e-01, -4.99999942e-03, null, 1.78571398e-04, 2.00000000e+00, 9.98200012e+02, 1592, 9.85759497e-01, 3.57143021e+00, 1.00031686e+00, 2.25202173e-01, -2.25194231e-01, -1.89100695e-03, 0.00000000e+00, null, null, 0.00000000e+00, null, 0.00000000e+00, 9.05811157e+01, 8.94188843e+01, 1.00000000e+00, 1.00000000e+00, 0.00000000e+00, 0.00000000e+00, -1.26108789e+03, 1.20718979e+02, 5.95982373e-02, 0.00000000e+00, 0.00000000e+00, 7.28473604e-01, 6.89570189e-01, 2.34875992e-01, 2.71490510e-08, 0.00000000e+00, 0.00000000e+00, 1.23709383e+01, 1.23417482e+01, -8.49324346e-01, -2.86692853e-07, 0.00000000e+00, 0.00000000e+00, 0.00000000e+00, 0.00000000e+00, 0.00000000e+00, 0.00000000e+00, 0.00000000e+00, 1.21068726e+01, 2.86692853e-07, 2.71490510e-08, 1.21068726e+01, -1.59754157e-01, 0.00000000e+00, -3.48444915e+00, 2.48513317e+00, 0.00000000e+00, 0.00000000e+00, -9.59144831e-01, 0.00000000e+00, -1.56975949e+00, 0.00000000e+00, 0.00000000e+00, 0.00000000e+00, 0.00000000e+00, 0.00000000e+00, 0.00000000e+00, 0.00000000e+00, 0.00000000e+00, 0.00000000e+00, 0.00000000e+00, 1.05896406e+01, 0.00000000e+00, -1.05896406e+01, 0.00000000e+00, 1.81368433e+03, 2.36162769e+03, 1.35240602e+00, 3.92857134e-01, -4.99999942e-03
21, 1.35240602e+00, 3.92857134e-01, 4.99999942e-03, null, 1.78571398e-04, 2.00000000e+00, 9.98200012e+02, 751, 9.85759497e-01, 3.57143021e+00, 1.00031686e+00, 2.25202173e-01, -2.25194231e-01, -1.89100695e-03, 0.00000000e+00, null, null, 0.00000000e+00, null, 0.00000000e+00, 9.05811157e+01, 8.94188843e+01, 1.00000000e+00, 1.00000000e+00, 0.00000000e+00, 0.00000000e+00, -1.26108789e+03, 1.20718979e+02, 5.95982373e-02, 0.00000000e+00, 0.00000000e+00, 7.28473604e-01, 6.89570189e-01, 2.34875992e-01, 2.71490510e-08, 0.00000000e+00, 0.00000000e+00, 1.23709383e+01, 1.23417482e+01, -8.49324346e-01, -2.86692853e-07, 0.00000000e+00, 0.00000000e+00, 0.00000000e+00, 0.00000000e+00, 0.00000000e+00, 0.00000000e+00, 0.00000000e+00, 1.21068726e+01, 2.86692853e-07, 2.71490510e-08, 1.21068726e+01, -1.59754157e-01, 0.00000000e+00, -3.48444915e+00, 2.48513317e+00, 0.00000000e+00, 0.00000000e+00, -9.59144831e-01, 0.00000000e+00, -1.56975949e+00, 0.00000000e+00, 0.00000000e+00, 0.00000000e+00, 0.00000000e+00, 0.00000000e+00, 0.00000000e+00, 0.00000000e+00, 0.00000000e+00, 0.00000000e+00, 0.00000000e+00, 1.05896406e+01, 0.00000000e+00, -1.05896406e+01, 0.00000000e+00, 1.81368433e+03, 2.36162769e+03, 1.35240602e+00, 3.92857134e-01, 4.99999942e-03
22, 1.35240602e+00, 4.28571433e-01, 4.99999942e-03, null, 1.78571398e-04, 2.00000000e+00, 9.98200012e+02, 804, 1.00635743e+00, 3.57143021e+00, 1.00023842e+00, 2.32493907e-01, -2.32485622e-01, -1.96366641e-03, 0.00000000e+00, null, null, 0.00000000e+00, null, 0.00000000e+00, 9.05812988e+01, 8.94187088e+01, 1.00000000e+00, 1.00000000e+00, 0.00000000e+00, 0.00000000e+00, -1.30191968e+03, 1.23291656e+02, 6.21406585e-02, 0.00000000e+00, 0.00000000e+00, 5.59172571e-01, 5.17909169e-01, 2.10817680e-01, 0.00000000e+00, 0.00000000e+00, 0.00000000e+00, 1.24675455e+01, 1.24518700e+01, -6.25006080e-01, 2.89596414e-07, 0.00000000e+00, 0.00000000e+00, 0.00000000e+00, 0.00000000e+00, 0.00000000e+00, 0.00000000e+00, 0.00000000e+00, 1.22410526e+01, -2.89596414e-07, 0.00000000e+00, 1.22410526e+01, -1.07096910e-01, 0.00000000e+00, -2.94877076e+00, 2.27368188e+00, 0.00000000e+00, 0.00000000e+00, -7.85438895e-01, 0.00000000e+00, -9.50563967e-01, 0.00000000e+00, 0.00000000e+00, 0.00000000e+00, 0.00000000e+00, 0.00000000e+00, 0.00000000e+00, 0.00000000e+00, 0.00000000e+00, 0.00000000e+00, 0.00000000e+00, 1.09965334e+01, 0.00000000e+00, -1.09965334e+01, 0.00000000e+00, 1.84771423e+03, 2.41064600e+03, 1.35240602e+00, 4.28571433e-01, 4.99999942e-03
23, 1.35240602e+00, 4.28571433e-01, -4.99999942e-03, null, 1.78571398e-04, 2.00000000e+00, 9.98200012e+02, 1645, 1.00635743e+00, 3.57143021e+00, 1.00023842e+00, 2.32493907e-01, -2.32485622e-01, -1.96366641e-03, 0.00000000e+00, null, null, 0.00000000e+00, null, 0.00000000e+00, 9.05812988e+01, 8.94187088e+01, 1.00000000e+00, 1.00000000e+00, 0.00000000e+00, 0.00000000e+00, -1.30191968e+03, 1.23291656e+02, 6.21406585e-02, 0.00000000e+00, 0.00000000e+00, 5.59172571e-01, 5.17909169e-01, 2.10817680e-01, 0.00000000e+00, 0.00000000e+00, 0.00000000e+00, 1.24675455e+01, 1.24518700e+01, -6.25006080e-01, 2.89596414e-07, 0.00000000e+00, 0.00000000e+00, 0.00000000e+00, 0.00000000e+00, 0.00000000e+00, 0.00000000e+00, 0.00000000e+00, 1.22410526e+01, -2.89596414e-07, 0.00000000e+00, 1.22410526e+01, -1.07096910e-01, 0.00000000e+00, -2.94877076e+00, 2.27368188e+00, 0.00000000e+00, 0.00000000e+00, -7.85438895e-01, 0.00000000e+00, -9.50563967e-01, 0.00000000e+00, 0.00000000e+00, 0.00000000e+00, 0.00000000e+00, 0.00000000e+00, 0.00000000e+00, 0.00000000e+00, 0.00000000e+00, 0.00000000e+00, 0.00000000e+00, 1.09965334e+01, 0.00000000e+00, -1.09965334e+01, 0.00000000e+00, 1.84771423e+03, 2.41064600e+03, 1.35240602e+00, 4.28571433e-01, -4.99999942e-03
24, 1.35240602e+00, 4.64285702e-01, -4.99999942e-03, null, 1.78571470e-04, 2.00000000e+00, 9.98200012e+02, 1591, 1.02793407e+00, 3.57143021e+00, 1.00015485e+00, 2.36578599e-01, -2.36569896e-01, -2.02943361e-03, 0.00000000e+00, null, null, 0.00000000e+00, null, 0.00000000e+00, 9.05813904e+01, 8.94186096e+01, 1.00000000e+00, 1.00000000e+00, 0.00000000e+00, 0.00000000e+00, -1.32479114e+03, 1.25962845e+02, 6.48489594e-02, 0.00000000e+00, 0.00000000e+00, 4.08810884e-01, 3.61272812e-01, 1.91332921e-01, 0.00000000e+00, 0.00000000e+00, 0.00000000e+00, 1.24935484e+01, 1.24864407e+01, -4.21377599e-01, -8.77423247e-07, 0.00000000e+00, 0.00000000e+00, 0.00000000e+00, 0.00000000e+00, 0.00000000e+00, 0.00000000e+00, 0.00000000e+00, 1.22951078e+01, 8.77423247e-07, 0.00000000e+00, 1.22951078e+01, -6.01047873e-02, 0.00000000e+00, -2.54129934e+00, 2.16138291e+00, 0.00000000e+00, 0.00000000e+00, -6.08445227e-01, 0.00000000e+00, -6.08076274e-01, 0.00000000e+00, 0.00000000e+00, 0.00000000e+00, 0.00000000e+00, 0.00000000e+00, 0.00000000e+00, 0.00000000e+00, 0.00000000e+00, 0.00000000e+00, 0.00000000e+00, 1.13648252e+01, 0.00000000e+00, -1.13648252e+01, 0.00000000e+00, 1.87804456e+03, 2.46191699e+03, 1.35240602e+00, 4.64285702e-01, -4.99999942e-03
25, 1.35240602e+00, 4.64285702e-01, 4.99999942e-03, null, 1.78571470e-04, 2.00000000e+00, 9.98200012e+02, 750, 1.02793407e+00, 3.57143021e+00, 1.00015485e+00, 2.36578599e-01, -2.36569896e-01, -2.02943361e-03, 0.00000000e+00, null, null, 0.00000000e+00, null, 0.00000000e+00, 9.05813904e+01, 8.94186096e+01, 1.00000000e+00, 1.00000000e+00, 0.00000000e+00, 0.00000000e+00, -1.32479114e+03, 1.25962845e+02, 6.48489594e-02, 0.00000000e+00, 0.00000000e+00, 4.08810884e-01, 3.61272812e-01, 1.91332921e-01, 0.00000000e+00, 0.00000000e+00, 0.00000000e+00, 1.24935484e+01, 1.24864407e+01, -4.21377599e-01, -8.77423247e-07, 0.00000000e+00, 0.00000000e+00, 0.00000000e+00, 0.00000000e+00, 0.00000000e+00, 0.00000000e+00, 0.00000000e+00, 1.22951078e+01, 8.77423247e-07, 0.00000000e+00, 1.22951078e+01, -6.01047873e-02, 0.00000000e+00, -2.54129934e+00, 2.16138291e+00, 0.00000000e+00, 0.00000000e+00, -6.08445227e-01, 0.00000000e+00, -6.08076274e-01, 0.00000000e+00, 0.00000000e+00, 0.00000000e+00, 0.00000000e+00, 0.00000000e+00, 0.00000000e+00, 0.00000000e+00, 0.00000000e+00, 0.00000000e+00, 0.00000000e+00, 1.13648252e+01, 0.00000000e+00, -1.13648252e+01, 0.00000000e+00, 1.87804456e+03, 2.46191699e+03, 1.35240602e+00, 4.64285702e-01, 4.99999942e-03
26, 1.35240602e+00, 5.00000000e-01, 4.99999942e-03, null, 1.78571325e-04, 2.00000000e+00, 9.98200012e+02, 805, 1.05096316e+00, 3.57143021e+00, 1.00012195e+00, 2.37766653e-01, -2.37757474e-01, -2.08957633e-03, 0.00000000e+00, null, null, 0.00000000e+00, null, 0.00000000e+00, 9.05814819e+01, 8.94185181e+01, 1.00000000e+00, 1.00000000e+00, 0.00000000e+00, 0.00000000e+00, -1.33144263e+03, 1.28793732e+02, 6.77930415e-02, 0.00000000e+00, 0.00000000e+00, 2.77519971e-01, 2.18192771e-01, 1.71491235e-01, -3.57019067e-11, 0.00000000e+00, 0.00000000e+00, 1.24502153e+01, 1.24479227e+01, -2.38909945e-01, -8.68820166e-07, 0.00000000e+00, 0.00000000e+00, 0.00000000e+00, 0.00000000e+00, 0.00000000e+00, 0.00000000e+00, 0.00000000e+00, 1.22764311e+01, 8.68820166e-07, -3.57019067e-11, 1.22764311e+01, -2.07171738e-02, 0.00000000e+00, -2.18683791e+00, 2.05624771e+00, 0.00000000e+00, 0.00000000e+00, -3.99280965e-01, 0.00000000e+00, -3.87353450e-01, 0.00000000e+00, 0.00000000e+00, 0.00000000e+00, 0.00000000e+00, 0.00000000e+00, 0.00000000e+00, 0.00000000e+00, 0.00000000e+00, 0.00000000e+00, 0.00000000e+00, 1.17016344e+01, 0.00000000e+00, -1.17016344e+01, 0.00000000e+00, 1.90541907e+03, 2.51657275e+03, 1.35240602e+00, 5.00000000e-01, 4.99999942e-03
27, 1.35240602e+00, 5.00000000e-01, -4.99999942e-03, null, 1.78571325e-04, 2.00000000e+00, 9.98200012e+02, 1646, 1.05096316e+00, 3.57143021e+00, 1.00012195e+00, 2.37766653e-01, -2.37757474e-01, -2.08957633e-03, 0.00000000e+00, null, null, 0.00000000e+00, null, 0.00000000e+00, 9.05814819e+01, 8.94185181e+01, 1.00000000e+00, 1.00000000e+00, 0.00000000e+00, 0.00000000e+00, -1.33144263e+03, 1.28793732e+02, 6.77930415e-02, 0.00000000e+00, 0.00000000e+00, 2.77519971e-01, 2.18192771e-01, 1.71491235e-01, -3.57019067e-11, 0.00000000e+00, 0.00000000e+00, 1.24502153e+01, 1.24479227e+01, -2.38909945e-01, -8.68820166e-07, 0.00000000e+00, 0.00000000e+00, 0.00000000e+00, 0.00000000e+00, 0.00000000e+00, 0.00000000e+00, 0.00000000e+00, 1.22764311e+01, 8.68820166e-07, -3.57019067e-11, 1.22764311e+01, -2.07171738e-02, 0.00000000e+00, -2.18683791e+00, 2.05624771e+00, 0.00000000e+00, 0.00000000e+00, -3.99280965e-01, 0.00000000e+00, -3.87353450e-01, 0.00000000e+00, 0.00000000e+00, 0.00000000e+00, 0.00000000e+00, 0.00000000e+00, 0.00000000e+00, 0.00000000e+00, 0.00000000e+00, 0.00000000e+00, 0.00000000e+00, 1.17016344e+01, 0.00000000e+00, -1.17016344e+01, 0.00000000e+00, 1.90541907e+03, 2.51657275e+03, 1.35240602e+00, 5.00000000e-01, -4.99999942e-03
28, 1.35240602e+00, 5.35714269e-01, -4.99999942e-03, null, 1.78571470e-04, 2.00000000e+00, 9.98200012e+02, 1590, 1.07599175e+00, 3.57143331e+00, 1.00007904e+00, 2.35881835e-01, -2.35872075e-01, -2.14626337e-03, 0.00000000e+00, null, null, 0.00000000e+00, null, 0.00000000e+00, 9.05815353e+01, 8.94184723e+01, 1.00000000e+00, 1.00000000e+00, 0.00000000e+00, 0.00000000e+00, -1.32088330e+03, 1.31855911e+02, 7.10595101e-02, 0.00000000e+00, 0.00000000e+00, 1.77846059e-01, 9.08127204e-02, 1.52912632e-01, -3.53528075e-11, 0.00000000e+00, 0.00000000e+00, 1.23313332e+01, 1.23310900e+01, -7.73920268e-02, 8.77399543e-07, 0.00000000e+00, 0.00000000e+00, 0.00000000e+00, 0.00000000e+00, 0.00000000e+00, 0.00000000e+00, 0.00000000e+00, 1.21781769e+01, -8.77399543e-07, -3.53528075e-11, 1.21781769e+01, 1.34206936e-02, 0.00000000e+00, -1.89260769e+00, 1.80891812e+00, 0.00000000e+00, 0.00000000e+00, 3.28013450e-01, 0.00000000e+00, -2.51089364e-01, 0.00000000e+00, 0.00000000e+00, 0.00000000e+00, 0.00000000e+00, 0.00000000e+00, 0.00000000e+00, 0.00000000e+00, 0.00000000e+00, 0.00000000e+00, 0.00000000e+00, 1.20190716e+01, 0.00000000e+00, -1.20190716e+01, 0.00000000e+00, 1.93090759e+03, 2.57592578e+03, 1.35240602e+00, 5.35714269e-01, -4.99999942e-03
29, 1.35240602e+00, 5.35714269e-01, 4.99999942e-03, null, 1.78571470e-04, 2.00000000e+00, 9.98200012e+02, 749, 1.07599175e+00, 3.57143331e+00, 1.00007904e+00, 2.35881835e-01, -2.35872075e-01, -2.14626337e-03, 0.00000000e+00, null, null, 0.00000000e+00, null, 0.00000000e+00, 9.05815353e+01, 8.94184723e+01, 1.00000000e+00, 1.00000000e+00, 0.00000000e+00, 0.00000000e+00, -1.32088330e+03, 1.31855911e+02, 7.10595101e-02, 0.00000000e+00, 0.00000000e+00, 1.77846059e-01, 9.08127204e-02, 1.52912632e-01, -3.53528075e-11, 0.00000000e+00, 0.00000000e+00, 1.23313332e+01, 1.23310900e+01, -7.73920268e-02, 8.77399543e-07, 0.00000000e+00, 0.00000000e+00, 0.00000000e+00, 0.00000000e+00, 0.00000000e+00, 0.00000000e+00, 0.00000000e+00, 1.21781769e+01, -8.77399543e-07, -3.53528075e-11, 1.21781769e+01, 1.34206936e-02, 0.00000000e+00, -1.89260769e+00, 1.80891812e+00, 0.00000000e+00, 0.00000000e+00, 3.28013450e-01, 0.00000000e+00, -2.51089364e-01, 0.00000000e+00, 0.00000000e+00, 0.00000000e+00, 0.00000000e+00, 0.00000000e+00, 0.00000000e+00, 0.00000000e+00, 0.00000000e+00, 0.00000000e+00, 0.00000000e+00, 1.20190716e+01, 0.00000000e+00, -1.20190716e+01, 0.00000000e+00, 1.93090759e+03, 2.57592578e+03, 1.35240602e+00, 5.35714269e-01, 4.99999942e-03
30, 1.35240602e+00, 5.71428597e-01, 4.99999942e-03, null, 1.78571470e-04, 2.00000000e+00, 9.98200012e+02, 806, 1.10365880e+00, 3.57143331e+00, 1.00005853e+00, 2.30732337e-01, -2.30721831e-01, -2.20154831e-03, 0.00000000e+00, null, null, 0.00000000e+00, null, 0.00000000e+00, 9.05816650e+01, 8.94183273e+01, 1.00000000e+00, 1.00000000e+00, 0.00000000e+00, 0.00000000e+00, -1.29204199e+03, 1.35230453e+02, 7.47544914e-02, 0.00000000e+00, 0.00000000e+00, 1.47206903e-01, -1.88586377e-02, 1.45993918e-01, 0.00000000e+00, 0.00000000e+00, 0.00000000e+00, 1.21307840e+01, 1.21305017e+01, 8.27231333e-02, 8.68836025e-07, 0.00000000e+00, 0.00000000e+00, 0.00000000e+00, 0.00000000e+00, 0.00000000e+00, 0.00000000e+00, 0.00000000e+00, 1.19845076e+01, -8.68836025e-07, 0.00000000e+00, 1.19845076e+01, 6.38644993e-02, 0.00000000e+00, -1.77253962e+00, 1.38254929e+00, 0.00000000e+00, 0.00000000e+00, 5.53811610e-01, 0.00000000e+00, -2.06382930e-01, 0.00000000e+00, 0.00000000e+00, 0.00000000e+00, 0.00000000e+00, 0.00000000e+00, 0.00000000e+00, 0.00000000e+00, 0.00000000e+00, 0.00000000e+00, 0.00000000e+00, 1.23286676e+01, 0.00000000e+00, -1.23286676e+01, 0.00000000e+00, 1.95548352e+03, 2.64150220e+03, 1.35240602e+00, 5.71428597e-01, 4.99999942e-03
31, 1.35240602e+00, 5.71428597e-01, -4.99999942e-03, null, 1.78571470e-04, 2.00000000e+00, 9.98200012e+02, 1647, 1.10365880e+00, 3.57143331e+00, 1.00005853e+00, 2.30732337e-01, -2.30721831e-01, -2.20154831e-03, 0.00000000e+00, null, null, 0.00000000e+00, null, 0.00000000e+00, 9.05816650e+01, 8.94183273e+01, 1.00000000e+00, 1.00000000e+00, 0.00000000e+00, 0.00000000e+00, -1.29204199e+03, 1.35230453e+02, 7.47544914e-02, 0.00000000e+00, 0.00000000e+00, 1.47206903e-01, -1.88586377e-02, 1.45993918e-01, 0.00000000e+00, 0.00000000e+00, 0.00000000e+00, 1.21307840e+01, 1.21305017e+01, 8.27231333e-02, 8.68836025e-07, 0.00000000e+00, 0.00000000e+00, 0.00000000e+00, 0.00000000e+00, 0.00000000e+00, 0.00000000e+00, 0.00000000e+00, 1.19845076e+01, -8.68836025e-07, 0.00000000e+00, 1.19845076e+01, 6.38644993e-02, 0.00000000e+00, -1.77253962e+00, 1.38254929e+00, 0.00000000e+00, 0.00000000e+00, 5.53811610e-01, 0.00000000e+00, -2.06382930e-01, 0.00000000e+00, 0.00000000e+00, 0.00000000e+00, 0.00000000e+00, 0.00000000e+00, 0.00000000e+00, 0.00000000e+00, 0.00000000e+00, 0.00000000e+00, 0.00000000e+00, 1.23286676e+01, 0.00000000e+00, -1.23286676e+01, 0.00000000e+00, 1.95548352e+03, 2.64150220e+03, 1.35240602e+00, 5.71428597e-01, -4.99999942e-03
32, 1.35240602e+00, 6.07142866e-01, -4.99999942e-03, null, 1.78571325e-04, 2.00000000e+00, 9.98200012e+02, 1589, 1.13441706e+00, 3.57142735e+00, 1.00004077e+00, 2.22674549e-01, -2.22663134e-01, -2.25471496e-03, 0.00000000e+00, null, null, 0.00000000e+00, null, 0.00000000e+00, 9.05815964e+01, 8.94184036e+01, 1.00000000e+00, 1.00000000e+00, 0.00000000e+00, 0.00000000e+00, -1.24691431e+03, 1.38973846e+02, 7.89678991e-02, 0.00000000e+00, 0.00000000e+00, 1.91328391e-01, -1.11933753e-01, 1.55168906e-01, -4.56973348e-09, 0.00000000e+00, 0.00000000e+00, 1.18505583e+01, 1.18478956e+01, 2.51172185e-01, 8.77388857e-07, 0.00000000e+00, 0.00000000e+00, 0.00000000e+00, 0.00000000e+00, 0.00000000e+00, 0.00000000e+00, 0.00000000e+00, 1.16927271e+01, -8.77388857e-07, -4.56973348e-09, 1.16927271e+01, 1.39238432e-01, 0.00000000e+00, -1.86653972e+00, 1.04020715e+00, 0.00000000e+00, 0.00000000e+00, 7.49342859e-01, 0.00000000e+00, -2.41476104e-01, 0.00000000e+00, 0.00000000e+00, 0.00000000e+00, 0.00000000e+00, 0.00000000e+00, 0.00000000e+00, 0.00000000e+00, 0.00000000e+00, 0.00000000e+00, 0.00000000e+00, 1.26264114e+01, 0.00000000e+00, -1.26264114e+01, 0.00000000e+00, 1.97886072e+03, 2.71437939e+03, 1.35240602e+00, 6.07142866e-01, -4.99999942e-03
33, 1.35240602e+00, 6.07142866e-01, 4.99999942e-03, null, 1.78571325e-04, 2.00000000e+00, 9.98200012e+02, 748, 1.13441706e+00, 3.57142735e+00, 1.00004077e+00, 2.22674549e-01, -2.22663134e-01, -2.25471496e-03, 0.00000000e+00, null, null, 0.00000000e+00, null, 0.00000000e+00, 9.05815964e+01, 8.94184036e+01, 1.00000000e+00, 1.00000000e+00, 0.00000000e+00, 0.00000000e+00, -1.24691431e+03, 1.38973846e+02, 7.89678991e-02, 0.00000000e+00, 0.00000000e+00, 1.91328391e-01, -1.11933753e-01, 1.55168906e-01, -4.56973348e-09, 0.00000000e+00, 0.00000000e+00, 1.18505583e+01, 1.18478956e+01, 2.51172185e-01, 8.77388857e-07, 0.00000000e+00, 0.00000000e+00, 0.00000000e+00, 0.00000000e+00, 0.00000000e+00, 0.00000000e+00, 0.00000000e+00, 1.16927271e+01, -8.77388857e-07, -4.56973348e-09, 1.16927271e+01, 1.39238432e-01, 0.00000000e+00, -1.86653972e+00, 1.04020715e+00, 0.00000000e+00, 0.00000000e+00, 7.49342859e-01, 0.00000000e+00, -2.41476104e-01, 0.00000000e+00, 0.00000000e+00, 0.00000000e+00, 0.00000000e+00, 0.00000000e+00, 0.00000000e+00, 0.00000000e+00, 0.00000000e+00, 0.00000000e+00, 0.00000000e+00, 1.26264114e+01, 0.00000000e+00, -1.26264114e+01, 0.00000000e+00, 1.97886072e+03, 2.71437939e+03, 1.35240602e+00, 6.07142866e-01, 4.99999942e-03
34, 1.35240602e+00, 6.42857134e-01, 4.99999942e-03, null, 1.78571325e-04, 2.00000000e+00, 9.98200012e+02, 807, 1.16824663e+00, 3.57142735e+00, 1.00003088e+00, 2.11951062e-01, -2.11938530e-01, -2.30492605e-03, 0.00000000e+00, null, null, 0.00000000e+00, null, 0.00000000e+00, 9.05816193e+01, 8.94183807e+01, 1.00000000e+00, 1.00000000e+00, 0.00000000e+00, 0.00000000e+00, -1.18685645e+03, 1.43084732e+02, 8.37315470e-02, 0.00000000e+00, 0.00000000e+00, 2.58405328e-01, -1.88225344e-01, 1.77043870e-01, -4.52522952e-09, 0.00000000e+00, 0.00000000e+00, 1.14932528e+01, 1.14857588e+01, 4.14982408e-01, 2.83919917e-07, 0.00000000e+00, 0.00000000e+00, 0.00000000e+00, 0.00000000e+00, 0.00000000e+00, 0.00000000e+00, 0.00000000e+00, 1.13087149e+01, -2.83919917e-07, -4.52522952e-09, 1.13087149e+01, 2.26757064e-01, 0.00000000e+00, -2.11159348e+00, 8.13223898e-01, 0.00000000e+00, 0.00000000e+00, 9.38202381e-01, 0.00000000e+00, -3.50835025e-01, 0.00000000e+00, 0.00000000e+00, 0.00000000e+00, 0.00000000e+00, 0.00000000e+00, 0.00000000e+00, 0.00000000e+00, 0.00000000e+00, 0.00000000e+00, 0.00000000e+00, 1.29075937e+01, 0.00000000e+00, -1.29075937e+01, 0.00000000e+00, 2.00071082e+03, 2.79451904e+03, 1.35240602e+00, 6.42857134e-01, 4.99999942e-03
35, 1.35240602e+00, 6.42857134e-01, -4.99999942e-03, null, 1.78571325e-04, 2.00000000e+00, 9.98200012e+02, 1648, 1.16824663e+00, 3.57142735e+00, 1.00003088e+00, 2.11951062e-01, -2.11938530e-01, -2.30492605e-03, 0.00000000e+00, null, null, 0.00000000e+00, null, 0.00000000e+00, 9.05816193e+01, 8.94183807e+01, 1.00000000e+00, 1.00000000e+00, 0.00000000e+00, 0.00000000e+00, -1.18685645e+03, 1.43084732e+02, 8.37315470e-02, 0.00000000e+00, 0.00000000e+00, 2.58405328e-01, -1.88225344e-01, 1.77043870e-01, -4.52522952e-09, 0.00000000e+00, 0.00000000e+00, 1.14932528e+01, 1.14857588e+01, 4.14982408e-01, 2.83919917e-07, 0.00000000e+00, 0.00000000e+00, 0.00000000e+00, 0.00000000e+00, 0.00000000e+00, 0.00000000e+00, 0.00000000e+00, 1.13087149e+01, -2.83919917e-07, -4.52522952e-09, 1.13087149e+01, 2.26757064e-01, 0.00000000e+00, -2.11159348e+00, 8.13223898e-01, 0.00000000e+00, 0.00000000e+00, 9.38202381e-01, 0.00000000e+00, -3.50835025e-01, 0.00000000e+00, 0.00000000e+00, 0.00000000e+00, 0.00000000e+00, 0.00000000e+00, 0.00000000e+00, 0.00000000e+00, 0.00000000e+00, 0.00000000e+00, 0.00000000e+00, 1.29075937e+01, 0.00000000e+00, -1.29075937e+01, 0.00000000e+00, 2.00071082e+03, 2.79451904e+03, 1.35240602e+00, 6.42857134e-01, -4.99999942e-03
36, 1.35240602e+00, 6.78571403e-01, -4.99999942e-03, null, 1.78571325e-04, 2.00000000e+00, 9.98200012e+02, 1588, 1.20585573e+00, 3.57143331e+00, 1.00001669e+00, 1.98425412e-01, -1.98411450e-01, -2.35350989e-03, 0.00000000e+00, null, null, 0.00000000e+00, null, 0.00000000e+00, 9.05816345e+01, 8.94183655e+01, 1.00000000e+00, 1.00000000e+00, 0.00000000e+00, 0.00000000e+00, -1.11110474e+03, 1.47651230e+02, 8.91907960e-02, 0.00000000e+00, 0.00000000e+00, 3.26220125e-01, -2.44117379e-01, 2.16393813e-01, 0.00000000e+00, 0.00000000e+00, 0.00000000e+00, 1.10572491e+01, 1.10421610e+01, 5.77430785e-01, -5.79232164e-07, 0.00000000e+00, 0.00000000e+00, 0.00000000e+00, 0.00000000e+00, 0.00000000e+00, 0.00000000e+00, 0.00000000e+00, 1.08257675e+01, 5.79232164e-07, 0.00000000e+00, 1.08257675e+01, 3.33313406e-01, 0.00000000e+00, -2.53041625e+00, 7.04662681e-01, 0.00000000e+00, 0.00000000e+00, 1.15438247e+00, 0.00000000e+00, -6.06670797e-01, 0.00000000e+00, 0.00000000e+00, 0.00000000e+00, 0.00000000e+00, 0.00000000e+00, 0.00000000e+00, 0.00000000e+00, 0.00000000e+00, 0.00000000e+00, 0.00000000e+00, 1.31796627e+01, 0.00000000e+00, -1.31796627e+01, 0.00000000e+00, 2.02164160e+03, 2.88360840e+03, 1.35240602e+00, 6.78571403e-01, -4.99999942e-03
37, 1.35240602e+00, 6.78571403e-01, 4.99999942e-03, null, 1.78571325e-04, 2.00000000e+00, 9.98200012e+02, 747, 1.20585573e+00, 3.57143331e+00, 1.00001669e+00, 1.98425412e-01, -1.98411450e-01, -2.35350989e-03, 0.00000000e+00, null, null, 0.00000000e+00, null, 0.00000000e+00, 9.05816345e+01, 8.94183655e+01, 1.00000000e+00, 1.00000000e+00, 0.00000000e+00, 0.00000000e+00, -1.11110474e+03, 1.47651230e+02, 8.91907960e-02, 0.00000000e+00, 0.00000000e+00, 3.26220125e-01, -2.44117379e-01, 2.16393813e-01, 0.00000000e+00, 0.00000000e+00, 0.00000000e+00, 1.10572491e+01, 1.10421610e+01, 5.77430785e-01, -5.79232164e-07, 0.00000000e+00, 0.00000000e+00, 0.00000000e+00, 0.00000000e+00, 0.00000000e+00, 0.00000000e+00, 0.00000000e+00, 1.08257675e+01, 5.79232164e-07, 0.00000000e+00, 1.08257675e+01, 3.33313406e-01, 0.00000000e+00, -2.53041625e+00, 7.04662681e-01, 0.00000000e+00, 0.00000000e+00, 1.15438247e+00, 0.00000000e+00, -6.06670797e-01, 0.00000000e+00, 0.00000000e+00, 0.00000000e+00, 0.00000000e+00, 0.00000000e+00, 0.00000000e+00, 0.00000000e+00, 0.00000000e+00, 0.00000000e+00, 0.00000000e+00, 1.31796627e+01, 0.00000000e+00, -1.31796627e+01, 0.00000000e+00, 2.02164160e+03, 2.88360840e+03, 1.35240602e+00, 6.78571403e-01, 4.99999942e-03
38, 1.35240602e+00, 7.14285731e-01, 4.99999942e-03, null, 1.78571616e-04, 2.00000000e+00, 9.98200012e+02, 808, 1.24912488e+00, 3.57143331e+00, 1.00001717e+00, 1.81898266e-01, -1.81882411e-01, -2.40247836e-03, 0.00000000e+00, null, null, 0.00000000e+00, null, 0.00000000e+00, 9.05816422e+01, 8.94183578e+01, 1.00000000e+00, 1.00000000e+00, 0.00000000e+00, 0.00000000e+00, -1.01854041e+03, 1.52902878e+02, 9.56861079e-02, 0.00000000e+00, 0.00000000e+00, 4.00009155e-01, -2.78546393e-01, 2.87087470e-01, 2.05636272e-08, 0.00000000e+00, 0.00000000e+00, 1.05393238e+01, 1.05124187e+01, 7.52595127e-01, 5.84920940e-07, 0.00000000e+00, 0.00000000e+00, 0.00000000e+00, 0.00000000e+00, 0.00000000e+00, 0.00000000e+00, 0.00000000e+00, 1.02253313e+01, -5.84920940e-07, 2.05636272e-08, 1.02253313e+01, 4.74048734e-01, 0.00000000e+00, -3.22761631e+00, 7.68589854e-01, 0.00000000e+00, 0.00000000e+00, 1.43280208e+00, 0.00000000e+00, -1.26699924e+00, 0.00000000e+00, 0.00000000e+00, 0.00000000e+00, 0.00000000e+00, 0.00000000e+00, 0.00000000e+00, 0.00000000e+00, 0.00000000e+00, 0.00000000e+00, 0.00000000e+00, 1.34538641e+01, 0.00000000e+00, -1.34538641e+01, 0.00000000e+00, 2.04252832e+03, 2.98611768e+03, 1.35240602e+00, 7.14285731e-01, 4.99999942e-03
39, 1.35240602e+00, 7.14285731e-01, -4.99999942e-03, null, 1.78571616e-04, 2.00000000e+00, 9.98200012e+02, 1649, 1.24912488e+00, 3.57143331e+00, 1.00001717e+00, 1.81898266e-01, -1.81882411e-01, -2.40247836e-03, 0.00000000e+00, null, null, 0.00000000e+00, null, 0.00000000e+00, 9.05816422e+01, 8.94183578e+01, 1.00000000e+00, 1.00000000e+00, 0.00000000e+00, 0.00000000e+00, -1.01854041e+03, 1.52902878e+02, 9.56861079e-02, 0.00000000e+00, 0.00000000e+00, 4.00009155e-01, -2.78546393e-01, 2.87087470e-01, 2.05636272e-08, 0.00000000e+00, 0.00000000e+00, 1.05393238e+01, 1.05124187e+01, 7.52595127e-01, 5.84920940e-07, 0.00000000e+00, 0.00000000e+00, 0.00000000e+00, 0.00000000e+00, 0.00000000e+00, 0.00000000e+00, 0.00000000e+00, 1.02253313e+01, -5.84920940e-07, 2.05636272e-08, 1.02253313e+01, 4.74048734e-01, 0.00000000e+00, -3.22761631e+00, 7.68589854e-01, 0.00000000e+00, 0.00000000e+00, 1.43280208e+00, 0.00000000e+00, -1.26699924e+00, 0.00000000e+00, 0.00000000e+00, 0.00000000e+00, 0.00000000e+00, 0.00000000e+00, 0.00000000e+00, 0.00000000e+00, 0.00000000e+00, 0.00000000e+00, 0.00000000e+00, 1.34538641e+01, 0.00000000e+00, -1.34538641e+01, 0.00000000e+00, 2.04252832e+03, 2.98611768e+03, 1.35240602e+00, 7.14285731e-01, -4.99999942e-03
40, 1.35240602e+00, 7.50000000e-01, -4.99999942e-03, null, 1.78571179e-04, 2.00000000e+00, 9.98200012e+02, 1587, 1.30061662e+00, 3.57142735e+00, 1.00000632e+00, 1.62090048e-01, -1.62071466e-01, -2.45404313e-03, 0.00000000e+00, null, null, 0.00000000e+00, null, 0.00000000e+00, 9.05816498e+01, 8.94183502e+01, 1.00000000e+00, 1.00000000e+00, 0.00000000e+00, 0.00000000e+00, -9.07601440e+02, 1.59152405e+02, 1.03717364e-01, 0.00000000e+00, 0.00000000e+00, 5.10040522e-01, -3.01523685e-01, 4.11369383e-01, 2.03636432e-08, 0.00000000e+00, 0.00000000e+00, 9.93563080e+00, 9.88819790e+00, 9.69691396e-01, -2.98148933e-07, 0.00000000e+00, 0.00000000e+00, 0.00000000e+00, 0.00000000e+00, 0.00000000e+00, 0.00000000e+00, 0.00000000e+00, 9.47682858e+00, 2.98148933e-07, 2.03636432e-08, 9.47682858e+00, 6.68167710e-01, 0.00000000e+00, -4.36008692e+00, 1.11628211e+00, 0.00000000e+00, 0.00000000e+00, 1.80650997e+00, 0.00000000e+00, -3.14846635e+00, 0.00000000e+00, 0.00000000e+00, 0.00000000e+00, 0.00000000e+00, 0.00000000e+00, 0.00000000e+00, 0.00000000e+00, 0.00000000e+00, 0.00000000e+00, 0.00000000e+00, 1.37426605e+01, 0.00000000e+00, -1.37426605e+01, 0.00000000e+00, 2.06430249e+03, 3.10813745e+03, 1.35240602e+00, 7.50000000e-01, -4.99999942e-03
41, 1.35240602e+00, 7.50000000e-01, 4.99999942e-03, null, 1.78571179e-04, 2.00000000e+00, 9.98200012e+02, 746, 1.30061662e+00, 3.57142735e+00, 1.00000632e+00, 1.62090048e-01, -1.62071466e-01, -2.45404313e-03, 0.00000000e+00, null, null, 0.00000000e+00, null, 0.00000000e+00, 9.05816498e+01, 8.94183502e+01, 1.00000000e+00, 1.00000000e+00, 0.00000000e+00, 0.00000000e+00, -9.07601440e+02, 1.59152405e+02, 1.03717364e-01, 0.00000000e+00, 0.00000000e+00, 5.10040522e-01, -3.01523685e-01, 4.11369383e-01, 2.03636432e-08, 0.00000000e+00, 0.00000000e+00, 9.93563080e+00, 9.88819790e+00, 9.69691396e-01, -2.98148933e-07, 0.00000000e+00, 0.00000000e+00, 0.00000000e+00, 0.00000000e+00, 0.00000000e+00, 0.00000000e+00, 0.00000000e+00, 9.47682858e+00, 2.98148933e-07, 2.03636432e-08, 9.47682858e+00, 6.68167710e-01, 0.00000000e+00, -4.36008692e+00, 1.11628211e+00, 0.00000000e+00, 0.00000000e+00, 1.80650997e+00, 0.00000000e+00, -3.14846635e+00, 0.00000000e+00, 0.00000000e+00, 0.00000000e+00, 0.00000000e+00, 0.00000000e+00, 0.00000000e+00, 0.00000000e+00, 0.00000000e+00, 0.00000000e+00, 0.00000000e+00, 1.37426605e+01, 0.00000000e+00, -1.37426605e+01, 0.00000000e+00, 2.06430249e+03, 3.10813745e+03, 1.35240602e+00, 7.50000000e-01, 4.99999942e-03
42, 1.35240602e+00, 7.85714269e-01, 4.99999942e-03, null, 1.78571616e-04, 2.00000000e+00, 9.98200012e+02, 809, 1.36312866e+00, 3.57143331e+00, 1.00000811e+00, 1.37959719e-01, -1.37936935e-01, -2.50681234e-03, 0.00000000e+00, null, null, 0.00000000e+00, null, 0.00000000e+00, 9.05816574e+01, 8.94183426e+01, 1.00000000e+00, 1.00000000e+00, 0.00000000e+00, 0.00000000e+00, -7.72445984e+02, 1.66739716e+02, 1.13905624e-01, 0.00000000e+00, 0.00000000e+00, 7.31157303e-01, -3.56118798e-01, 6.38568997e-01, -1.99923846e-08, 0.00000000e+00, 0.00000000e+00, 9.24440956e+00, 9.15262794e+00, 1.29942834e+00, -2.83930035e-07, 0.00000000e+00, 0.00000000e+00, 0.00000000e+00, 0.00000000e+00, 0.00000000e+00, 0.00000000e+00, 0.00000000e+00, 8.51405907e+00, 2.83930035e-07, -1.99923846e-08, 8.51405907e+00, 9.43309546e-01, 0.00000000e+00, -6.30733538e+00, 2.06863737e+00, 0.00000000e+00, 0.00000000e+00, 2.32946777e+00, 0.00000000e+00, -9.62116241e+00, 0.00000000e+00, 0.00000000e+00, 0.00000000e+00, 0.00000000e+00, 0.00000000e+00, 0.00000000e+00, 0.00000000e+00, 0.00000000e+00, 0.00000000e+00, 0.00000000e+00, 1.40381346e+01, 0.00000000e+00, -1.40381346e+01, 0.00000000e+00, 2.08635889e+03, 3.25630713e+03, 1.35240602e+00, 7.85714269e-01, 4.99999942e-03
43, 1.35240602e+00, 7.85714269e-01, -4.99999942e-03, null, 1.78571616e-04, 2.00000000e+00, 9.98200012e+02, 1650, 1.36312866e+00, 3.57143331e+00, 1.00000811e+00, 1.37959719e-01, -1.37936935e-01, -2.50681234e-03, 0.00000000e+00, null, null, 0.00000000e+00, null, 0.00000000e+00, 9.05816574e+01, 8.94183426e+01, 1.00000000e+00, 1.00000000e+00, 0.00000000e+00, 0.00000000e+00, -7.72445984e+02, 1.66739716e+02, 1.13905624e-01, 0.00000000e+00, 0.00000000e+00, 7.31157303e-01, -3.56118798e-01, 6.38568997e-01, -1.99923846e-08, 0.00000000e+00, 0.00000000e+00, 9.24440956e+00, 9.15262794e+00, 1.29942834e+00, -2.83930035e-07, 0.00000000e+00, 0.00000000e+00, 0.00000000e+00, 0.00000000e+00, 0.00000000e+00, 0.00000000e+00, 0.00000000e+00, 8.51405907e+00, 2.83930035e-07, -1.99923846e-08, 8.51405907e+00, 9.43309546e-01, 0.00000000e+00, -6.30733538e+00, 2.06863737e+00, 0.00000000e+00, 0.00000000e+00, 2.32946777e+00, 0.00000000e+00, -9.62116241e+00, 0.00000000e+00, 0.00000000e+00, 0.00000000e+00, 0.00000000e+00, 0.00000000e+00, 0.00000000e+00, 0.00000000e+00, 0.00000000e+00, 0.00000000e+00, 0.00000000e+00, 1.40381346e+01, 0.00000000e+00, -1.40381346e+01, 0.00000000e+00, 2.08635889e+03, 3.25630713e+03, 1.35240602e+00, 7.85714269e-01, -4.99999942e-03
44, 1.35240602e+00, 8.21428597e-01, -4.99999942e-03, null, 1.78571470e-04, 2.00000000e+00, 9.98200012e+02, 1586, 1.43797266e+00, 3.57143331e+00, 1.00000525e+00, 1.07145198e-01, -1.07114874e-01, -2.54882150e-03, 0.00000000e+00, null, null, 0.00000000e+00, null, 0.00000000e+00, 9.05817566e+01, 8.94182510e+01, 1.00000000e+00, 1.00000000e+00, 0.00000000e+00, 0.00000000e+00, -5.99843140e+02, 1.75823624e+02, 1.26728371e-01, 0.00000000e+00, 0.00000000e+00, 1.17472708e+00, -5.34119010e-01, 1.04627943e+00, -1.97980174e-08, 0.00000000e+00, 0.00000000e+00, 8.47155190e+00, 8.27849960e+00, 1.79823422e+00, 1.45661363e-06, 0.00000000e+00, 0.00000000e+00, 0.00000000e+00, 0.00000000e+00, 0.00000000e+00, 0.00000000e+00, 0.00000000e+00, 7.23222017e+00, -1.45661363e-06, -1.97980174e-08, 7.23222017e+00, 1.26411521e+00, 0.00000000e+00, -9.62209511e+00, 4.34572363e+00, 0.00000000e+00, 0.00000000e+00, 2.98336554e+00, 0.00000000e+00, -3.43646736e+01, 0.00000000e+00, 0.00000000e+00, 0.00000000e+00, 0.00000000e+00, 0.00000000e+00, 0.00000000e+00, 0.00000000e+00, 0.00000000e+00, 0.00000000e+00, 0.00000000e+00, 1.42733974e+01, 0.00000000e+00, -1.42733974e+01, 0.00000000e+00, 2.10377271e+03, 3.43372290e+03, 1.35240602e+00, 8.21428597e-01, -4.99999942e-03
45, 1.35240602e+00, 8.21428597e-01, 4.99999942e-03, null, 1.78571470e-04, 2.00000000e+00, 9.98200012e+02, 745, 1.43797266e+00, 3.57143331e+00, 1.00000525e+00, 1.07145198e-01, -1.07114874e-01, -2.54882150e-03, 0.00000000e+00, null, null, 0.00000000e+00, null, 0.00000000e+00, 9.05817566e+01, 8.94182510e+01, 1.00000000e+00, 1.00000000e+00, 0.00000000e+00, 0.00000000e+00, -5.99843140e+02, 1.75823624e+02, 1.26728371e-01, 0.00000000e+00, 0.00000000e+00, 1.17472708e+00, -5.34119010e-01, 1.04627943e+00, -1.97980174e-08, 0.00000000e+00, 0.00000000e+00, 8.47155190e+00, 8.27849960e+00, 1.79823422e+00, 1.45661363e-06, 0.00000000e+00, 0.00000000e+00, 0.00000000e+00, 0.00000000e+00, 0.00000000e+00, 0.00000000e+00, 0.00000000e+00, 7.23222017e+00, -1.45661363e-06, -1.97980174e-08, 7.23222017e+00, 1.26411521e+00, 0.00000000e+00, -9.62209511e+00, 4.34572363e+00, 0.00000000e+00, 0.00000000e+00, 2.98336554e+00, 0.00000000e+00, -3.43646736e+01, 0.00000000e+00, 0.00000000e+00, 0.00000000e+00, 0.00000000e+00, 0.00000000e+00, 0.00000000e+00, 0.00000000e+00, 0.00000000e+00, 0.00000000e+00, 0.00000000e+00, 1.42733974e+01, 0.00000000e+00, -1.42733974e+01, 0.00000000e+00, 2.10377271e+03, 3.43372290e+03, 1.35240602e+00, 8.21428597e-01, 4.99999942e-03
46, 1.35240602e+00, 8.57142866e-01, 4.99999942e-03, null, 1.78571325e-04, 2.00000000e+00, 9.98200012e+02, 810, 1.52748239e+00, 3.57142735e+00, 1.00355649e+00, 6.72931448e-02, -6.72443360e-02, -2.56246957e-03, 0.00000000e+00, null, null, 0.00000000e+00, null, 0.00000000e+00, 9.05816650e+01, 8.94183350e+01, 1.00000000e+00, 1.00000000e+00, 0.00000000e+00, 0.00000000e+00, -3.76568512e+02, 1.86288040e+02, 1.42663151e-01, 0.00000000e+00, 0.00000000e+00, 2.03063750e+00, -9.58898127e-01, 1.78997278e+00, 7.30317211e-08, 0.00000000e+00, 0.00000000e+00, 7.68755007e+00, 7.24421883e+00, 2.57288194e+00, 1.45410343e-06, 0.00000000e+00, 0.00000000e+00, 0.00000000e+00, 0.00000000e+00, 0.00000000e+00, 0.00000000e+00, 0.00000000e+00, 5.45424604e+00, -1.45410343e-06, 7.30317211e-08, 5.45424604e+00, 1.61398387e+00, 0.00000000e+00, -1.54340858e+01, 8.90873337e+00, 0.00000000e+00, 0.00000000e+00, 3.79213691e+00, 0.00000000e+00, -1.41914856e+02, 0.00000000e+00, 0.00000000e+00, 0.00000000e+00, 0.00000000e+00, 0.00000000e+00, 0.00000000e+00, 0.00000000e+00, 0.00000000e+00, 0.00000000e+00, 0.00000000e+00, 1.43498373e+01, 0.00000000e+00, -1.43498373e+01, 0.00000000e+00, 2.11165405e+03, 3.64614063e+03, 1.35240602e+00, 8.57142866e-01, 4.99999942e-03
47, 1.35240602e+00, 8.57142866e-01, -4.99999942e-03, null, 1.78571325e-04, 2.00000000e+00, 9.98200012e+02, 1651, 1.52748239e+00, 3.57142735e+00, 1.00355649e+00, 6.72931448e-02, -6.72443360e-02, -2.56246957e-03, 0.00000000e+00, null, null, 0.00000000e+00, null, 0.00000000e+00, 9.05816650e+01, 8.94183350e+01, 1.00000000e+00, 1.00000000e+00, 0.00000000e+00, 0.00000000e+00, -3.76568512e+02, 1.86288040e+02, 1.42663151e-01, 0.00000000e+00, 0.00000000e+00, 2.03063750e+00, -9.58898127e-01, 1.78997278e+00, 7.30317211e-08, 0.00000000e+00, 0.00000000e+00, 7.68755007e+00, 7.24421883e+00, 2.57288194e+00, 1.45410343e-06, 0.00000000e+00, 0.00000000e+00, 0.00000000e+00, 0.00000000e+00, 0.00000000e+00, 0.00000000e+00, 0.00000000e+00, 5.45424604e+00, -1.45410343e-06, 7.30317211e-08, 5.45424604e+00, 1.61398387e+00, 0.00000000e+00, -1.54340858e+01, 8.90873337e+00, 0.00000000e+00, 0.00000000e+00, 3.79213691e+00, 0.00000000e+00, -1.41914856e+02, 0.00000000e+00, 0.00000000e+00, 0.00000000e+00, 0.00000000e+00, 0.00000000e+00, 0.00000000e+00, 0.00000000e+00, 0.00000000e+00, 0.00000000e+00, 0.00000000e+00, 1.43498373e+01, 0.00000000e+00, -1.43498373e+01, 0.00000000e+00, 2.11165405e+03, 3.64614063e+03, 1.35240602e+00, 8.57142866e-01, -4.99999942e-03
48, 1.35240602e+00, 8.92857134e-01, -4.99999942e-03, null, 1.78571325e-04, 2.00000000e+00, 9.98200012e+02, 1585, 1.63703525e+00, 3.57142735e+00, 1.00283873e+00, 1.18419509e-02, -1.15723629e-02, -2.51241331e-03, 0.00000000e+00, null, null, 0.00000000e+00, null, 0.00000000e+00, 9.03351822e+01, 8.96648178e+01, 1.00000000e+00, 1.00000000e+00, 0.00000000e+00, 0.00000000e+00, -6.48052673e+01, 1.98559235e+02, 1.63016602e-01, 0.00000000e+00, 0.00000000e+00, 3.86352611e+00, -1.81323540e+00, 3.41159940e+00, 7.26212335e-08, 0.00000000e+00, 0.00000000e+00, 7.42549515e+00, 6.03004313e+00, 4.33319283e+00, 1.16415356e-06, 0.00000000e+00, 0.00000000e+00, 0.00000000e+00, 0.00000000e+00, 0.00000000e+00, 0.00000000e+00, 0.00000000e+00, 2.61844373e+00, -1.16415356e-06, 7.26212335e-08, 2.61844373e+00, 2.51995754e+00, 0.00000000e+00, -2.84291916e+01, 1.74093380e+01, 0.00000000e+00, 0.00000000e+00, 5.48562241e+00, 0.00000000e+00, -8.98521912e+02, 0.00000000e+00, 0.00000000e+00, 0.00000000e+00, 0.00000000e+00, 0.00000000e+00, 0.00000000e+00, 0.00000000e+00, 0.00000000e+00, 0.00000000e+00, 0.00000000e+00, 1.40695229e+01, 0.00000000e+00, -1.40695229e+01, 0.00000000e+00, 2.09601025e+03, 3.90589160e+03, 1.35240602e+00, 8.92857134e-01, -4.99999942e-03
49, 1.35240602e+00, 8.92857134e-01, 4.99999942e-03, null, 1.78571325e-04, 2.00000000e+00, 9.98200012e+02, 744, 1.63703525e+00, 3.57142735e+00, 1.00283873e+00, 1.18419509e-02, -1.15723629e-02, -2.51241331e-03, 0.00000000e+00, null, null, 0.00000000e+00, null, 0.00000000e+00, 9.03351822e+01, 8.96648178e+01, 1.00000000e+00, 1.00000000e+00, 0.00000000e+00, 0.00000000e+00, -6.48052673e+01, 1.98559235e+02, 1.63016602e-01, 0.00000000e+00, 0.00000000e+00, 3.86352611e+00, -1.81323540e+00, 3.41159940e+00, 7.26212335e-08, 0.00000000e+00, 0.00000000e+00, 7.42549515e+00, 6.03004313e+00, 4.33319283e+00, 1.16415356e-06, 0.00000000e+00, 0.00000000e+00, 0.00000000e+00, 0.00000000e+00, 0.00000000e+00, 0.00000000e+00, 0.00000000e+00, 2.61844373e+00, -1.16415356e-06, 7.26212335e-08, 2.61844373e+00, 2.51995754e+00, 0.00000000e+00, -2.84291916e+01, 1.74093380e+01, 0.00000000e+00, 0.00000000e+00, 5.48562241e+00, 0.00000000e+00, -8.98521912e+02, 0.00000000e+00, 0.00000000e+00, 0.00000000e+00, 0.00000000e+00, 0.00000000e+00, 0.00000000e+00, 0.00000000e+00, 0.00000000e+00, 0.00000000e+00, 0.00000000e+00, 1.40695229e+01, 0.00000000e+00, -1.40695229e+01, 0.00000000e+00, 2.09601025e+03, 3.90589160e+03, 1.35240602e+00, 8.92857134e-01, 4.99999942e-03
50, 1.35240602e+00, 9.28571403e-01, 4.99999942e-03, null, 1.78571325e-04, 2.00000000e+00, 9.98200012e+02, 811, 1.77004325e+00, 3.57143331e+00, 1.00079131e+00, 8.35466459e-02, 8.35166276e-02, -2.23924289e-03, 0.00000000e+00, null, null, 0.00000000e+00, null, 0.00000000e+00, 9.00899963e+01, 8.99100113e+01, 1.00000000e+00, 1.00000000e+00, 0.00000000e+00, 0.00000000e+00, 4.67693390e+02, 2.13549469e+02, 1.89628273e-01, 0.00000000e+00, 0.00000000e+00, 8.79508114e+00, -3.67555666e+00, 7.99022722e+00, 0.00000000e+00, 0.00000000e+00, 0.00000000e+00, 8.97411251e+00, 4.56527901e+00, 7.72612000e+00, -5.88594784e-10, 0.00000000e+00, 0.00000000e+00, 0.00000000e+00, 0.00000000e+00, 0.00000000e+00, 0.00000000e+00, 0.00000000e+00, 3.42494822e+00, 5.88594784e-10, 0.00000000e+00, -3.42494822e+00, 4.05056334e+00, 0.00000000e+00, -6.48754044e+01, 3.87303200e+01, 0.00000000e+00, 0.00000000e+00, 8.52967644e+00, 0.00000000e+00, -1.07523115e+04, 0.00000000e+00, 0.00000000e+00, 0.00000000e+00, 0.00000000e+00, 0.00000000e+00, 0.00000000e+00, 0.00000000e+00, 0.00000000e+00, 0.00000000e+00, 0.00000000e+00, 1.25397673e+01, 0.00000000e+00, -1.25397673e+01, 0.00000000e+00, 1.98101599e+03, 4.22087646e+03, 1.35240602e+00, 9.28571403e-01, 4.99999942e-03
51, 1.35240602e+00, 9.28571403e-01, -4.99999942e-03, null, 1.78571325e-04, 2.00000000e+00, 9.98200012e+02, 1652, 1.77004325e+00, 3.57143331e+00, 1.00079131e+00, 8.35466459e-02, 8.35166276e-02, -2.23924289e-03, 0.00000000e+00, null, null, 0.00000000e+00, null, 0.00000000e+00, 9.00899963e+01, 8.99100113e+01, 1.00000000e+00, 1.00000000e+00, 0.00000000e+00, 0.00000000e+00, 4.67693390e+02, 2.13549469e+02, 1.89628273e-01, 0.00000000e+00, 0.00000000e+00, 8.79508114e+00, -3.67555666e+00, 7.99022722e+00, 0.00000000e+00, 0.00000000e+00, 0.00000000e+00, 8.97411251e+00, 4.56527901e+00, 7.72612000e+00, -5.88594784e-10, 0.00000000e+00, 0.00000000e+00, 0.00000000e+00, 0.00000000e+00, 0.00000000e+00, 0.00000000e+00, 0.00000000e+00, 3.42494822e+00, 5.88594784e-10, 0.00000000e+00, -3.42494822e+00, 4.05056334e+00, 0.00000000e+00, -6.48754044e+01, 3.87303200e+01, 0.00000000e+00, 0.00000000e+00, 8.52967644e+00, 0.00000000e+00, -1.07523115e+04, 0.00000000e+00, 0.00000000e+00, 0.00000000e+00, 0.00000000e+00, 0.00000000e+00, 0.00000000e+00, 0.00000000e+00, 0.00000000e+00, 0.00000000e+00, 0.00000000e+00, 1.25397673e+01, 0.00000000e+00, -1.25397673e+01, 0.00000000e+00, 1.98101599e+03, 4.22087646e+03, 1.35240602e+00, 9.28571403e-01, -4.99999942e-03
52, 1.35240602e+00, 9.64285731e-01, -4.99999942e-03, null, 1.78571616e-04, 2.00000000e+00, 9.98200012e+02, 1584, 1.88660133e+00, 3.57143331e+00, 1.00220668e+00, 2.06501737e-01, 2.06496030e-01, -1.53605198e-03, 0.00000000e+00, null, null, 0.00000000e+00, null, 0.00000000e+00, 9.00449448e+01, 8.99550552e+01, 1.00000000e+00, 1.00000000e+00, 0.00000000e+00, 0.00000000e+00, 1.15637659e+03, 2.30476959e+02, 2.21925914e-01, 0.00000000e+00, 0.00000000e+00, 4.74692612e+01, -1.10981350e+01, 4.61536789e+01, 0.00000000e+00, 0.00000000e+00, 0.00000000e+00, 1.00086250e+01, 2.66085386e+00, 9.64844131e+00, -8.73210979e-07, 0.00000000e+00, 0.00000000e+00, 0.00000000e+00, 0.00000000e+00, 0.00000000e+00, 0.00000000e+00, 0.00000000e+00, 4.34928246e+01, 8.73210979e-07, 0.00000000e+00, -4.34928246e+01, -1.44969368e+00, 0.00000000e+00, -2.29887909e+02, 1.92492569e+02, 0.00000000e+00, 0.00000000e+00, -8.11931705e+00, 0.00000000e+00, -4.50999438e+05, 0.00000000e+00, 0.00000000e+00, 0.00000000e+00, 0.00000000e+00, 0.00000000e+00, 0.00000000e+00, 0.00000000e+00, 0.00000000e+00, 0.00000000e+00, 0.00000000e+00, 8.60188198e+00, 0.00000000e+00, -8.60188198e+00, 0.00000000e+00, 1.62549768e+03, 4.57451221e+03, 1.35240602e+00, 9.64285731e-01, -4.99999942e-03
53, 1.35240602e+00, 9.64285731e-01, 4.99999942e-03, null, 1.78571616e-04, 2.00000000e+00, 9.98200012e+02, 743, 1.88660133e+00, 3.57143331e+00, 1.00220668e+00, 2.06501737e-01, 2.06496030e-01, -1.53605198e-03, 0.00000000e+00, null, null, 0.00000000e+00, null, 0.00000000e+00, 9.00449448e+01, 8.99550552e+01, 1.00000000e+00, 1.00000000e+00, 0.00000000e+00, 0.00000000e+00, 1.15637659e+03, 2.30476959e+02, 2.21925914e-01, 0.00000000e+00, 0.00000000e+00, 4.74692612e+01, -1.10981350e+01, 4.61536789e+01, 0.00000000e+00, 0.00000000e+00, 0.00000000e+00, 1.00086250e+01, 2.66085386e+00, 9.64844131e+00, -8.73210979e-07, 0.00000000e+00, 0.00000000e+00, 0.00000000e+00, 0.00000000e+00, 0.00000000e+00, 0.00000000e+00, 0.00000000e+00, 4.34928246e+01, 8.73210979e-07, 0.00000000e+00, -4.34928246e+01, -1.44969368e+00, 0.00000000e+00, -2.29887909e+02, 1.92492569e+02, 0.00000000e+00, 0.00000000e+00, -8.11931705e+00, 0.00000000e+00, -4.50999438e+05, 0.00000000e+00, 0.00000000e+00, 0.00000000e+00, 0.00000000e+00, 0.00000000e+00, 0.00000000e+00, 0.00000000e+00, 0.00000000e+00, 0.00000000e+00, 0.00000000e+00, 8.60188198e+00, 0.00000000e+00, -8.60188198e+00, 0.00000000e+00, 1.62549768e+03, 4.57451221e+03, 1.35240602e+00, 9.64285731e-01, 4.99999942e-03
54, 1.35240602e+00, 1.00000000e+00, -4.99999942e-03, null, 8.92856624e-05, 1.00000000e+00, 9.98200012e+02, 1653, 1.93074763e+00, 3.57142735e+00, 1.00000000e+00, 1.29800677e-01, 1.29800409e-01, -2.64579372e-04, 0.00000000e+00, null, null, 0.00000000e+00, null, 0.00000000e+00, 9.00000000e+01, 9.00000000e+01, 1.00000000e+00, 1.00000000e+00, 0.00000000e+00, 0.00000000e+00, 1.49883777e+03, 2.39267548e+02, 2.39141077e-01, 5.00000000e+00, 5.00000000e+00, 8.27139206e+01, -1.72266293e+01, 8.09001617e+01, 0.00000000e+00, 5.00000000e+00, 0.00000000e+00, 9.58543015e+00, 1.56489921e+00, 9.45682621e+00, -5.82076723e-07, 0.00000000e+00, 0.00000000e+00, 0.00000000e+00, 0.00000000e+00, 0.00000000e+00, 0.00000000e+00, 2.91038350e-06, 7.93352661e+01, 5.82076723e-07, 0.00000000e+00, -7.93352661e+01, -7.76980305e+00, 2.91038350e-06, -2.89509827e+02, 1.43813850e-11, 0.00000000e+00, 0.00000000e+00, -1.72306213e+01, 0.00000000e+00, -9.45575188e+05, 0.00000000e+00, 0.00000000e+00, 0.00000000e+00, 0.00000000e+00, 0.00000000e+00, 0.00000000e+00, 0.00000000e+00, 0.00000000e+00, 0.00000000e+00, 0.00000000e+00, 4.51695671e+01, -4.50722618e+01, -2.96329069e+00, 0.00000000e+00, 3.35437964e+03, 4.76641650e+03, 1.35240602e+00, 1.00000000e+00, -4.99999942e-03
55, 1.35240602e+00, 1.00000000e+00, 4.99999942e-03, null, 8.92856624e-05, 1.00000000e+00, 9.98200012e+02, 812, 1.93074763e+00, 3.57142735e+00, 1.00000000e+00, 1.29800677e-01, 1.29800409e-01, -2.64579372e-04, 0.00000000e+00, null, null, 0.00000000e+00, null, 0.00000000e+00, 9.00000000e+01, 9.00000000e+01, 1.00000000e+00, 1.00000000e+00, 0.00000000e+00, 0.00000000e+00, 1.49883777e+03, 2.39267548e+02, 2.39141077e-01, 5.00000000e+00, 5.00000000e+00, 8.27139206e+01, -1.72266293e+01, 8.09001617e+01, 0.00000000e+00, 5.00000000e+00, 0.00000000e+00, 9.58543015e+00, 1.56489921e+00, 9.45682621e+00, -5.82076723e-07, 0.00000000e+00, 0.00000000e+00, 0.00000000e+00, 0.00000000e+00, 0.00000000e+00, 0.00000000e+00, 2.91038350e-06, 7.93352661e+01, 5.82076723e-07, 0.00000000e+00, -7.93352661e+01, -7.76980305e+00, 2.91038350e-06, -2.89509827e+02, 1.43813850e-11, 0.00000000e+00, 0.00000000e+00, -1.72306213e+01, 0.00000000e+00, -9.45575188e+05, 0.00000000e+00, 0.00000000e+00, 0.00000000e+00, 0.00000000e+00, 0.00000000e+00, 0.00000000e+00, 0.00000000e+00, 0.00000000e+00, 0.00000000e+00, 0.00000000e+00, 4.51695671e+01, -4.50722618e+01, -2.96329069e+00, 0.00000000e+00, 3.35437964e+03, 4.76641650e+03, 1.35240602e+00, 1.00000000e+00, 4.99999942e-03
56, 4.23834652e-01, 0.00000000e+00, 4.99999942e-03, null, 1.78571543e-04, 2.00000000e+00, 9.98200012e+02, 813, 5.35910130e-01, 3.57704639e+00, 1.00031614e+00, 1.69009585e-02, -2.58307700e-04, 1.68989841e-02, 0.00000000e+00, null, null, 0.00000000e+00, null, 0.00000000e+00, 9.02517624e+01, 8.97482376e+01, 1.00000000e+00, 0.00000000e+00, -1.00000000e+00, 0.00000000e+00, -9.46342468e+01, 6.42953491e+01, 1.73267629e-02, 0.00000000e+00, 0.00000000e+00, 6.39086723e+00, -4.76393747e+00, -4.26005697e+00, 0.00000000e+00, 0.00000000e+00, 0.00000000e+00, 3.82241774e+00, -2.23027408e-01, 3.81590581e+00, 3.22453231e-10, 0.00000000e+00, 0.00000000e+00, 0.00000000e+00, 0.00000000e+00, 0.00000000e+00, 0.00000000e+00, 0.00000000e+00, 4.03702974e+00, -3.22453231e-10, 0.00000000e+00, 4.03702974e+00, -9.48031664e-01, 0.00000000e+00, -1.91288452e+01, 1.49895258e+01, 0.00000000e+00, 0.00000000e+00, -3.21771908e+00, 0.00000000e+00, -2.62285400e+02, 0.00000000e+00, 0.00000000e+00, 0.00000000e+00, 0.00000000e+00, 0.00000000e+00, 0.00000000e+00, 0.00000000e+00, 0.00000000e+00, 0.00000000e+00, 0.00000000e+00, 1.44652212e+00, -1.44652212e+00, 0.00000000e+00, 0.00000000e+00, 6.67574646e+02, 1.28254700e+03, 4.23834652e-01, 0.00000000e+00, 4.99999942e-03
57, 4.23834652e-01, 0.00000000e+00, -4.99999942e-03, null, 1.78571543e-04, 2.00000000e+00, 9.98200012e+02, 1654, 5.35910130e-01, 3.57704639e+00, 1.00031614e+00, 1.69009585e-02, -2.58307700e-04, 1.68989841e-02, 0.00000000e+00, null, null, 0.00000000e+00, null, 0.00000000e+00, 9.02517624e+01, 8.97482376e+01, 1.00000000e+00, 0.00000000e+00, -1.00000000e+00, 0.00000000e+00, -9.46342468e+01, 6.42953491e+01, 1.73267629e-02, 0.00000000e+00, 0.00000000e+00, 6.39086723e+00, -4.76393747e+00, -4.26005697e+00, 0.00000000e+00, 0.00000000e+00, 0.00000000e+00, 3.82241774e+00, -2.23027408e-01, 3.81590581e+00, 3.22453231e-10, 0.00000000e+00, 0.00000000e+00, 0.00000000e+00, 0.00000000e+00, 0.00000000e+00, 0.00000000e+00, 0.00000000e+00, 4.03702974e+00, -3.22453231e-10, 0.00000000e+00, 4.03702974e+00, -9.48031664e-01, 0.00000000e+00, -1.91288452e+01, 1.49895258e+01, 0.00000000e+00, 0.00000000e+00, -3.21771908e+00, 0.00000000e+00, -2.62285400e+02, 0.00000000e+00, 0.00000000e+00, 0.00000000e+00, 0.00000000e+00, 0.00000000e+00, 0.00000000e+00, 0.00000000e+00, 0.00000000e+00, 0.00000000e+00, 0.00000000e+00, 1.44652212e+00, -1.44652212e+00, 0.00000000e+00, 0.00000000e+00, 6.67574646e+02, 1.28254700e+03, 4.23834652e-01, 0.00000000e+00, -4.99999942e-03
58, 4.59548950e-01, 0.00000000e+00, -4.99999942e-03, null, 1.78571325e-04, 2.00000000e+00, 9.98200012e+02, 1610, 5.93328774e-01, 3.57431293e+00, 1.00078285e+00, 3.73579003e-02, -4.24162339e-04, 3.73554938e-02, 0.00000000e+00, null, null, 0.00000000e+00, null, 0.00000000e+00, 9.04136658e+01, 8.95863342e+01, 1.00000000e+00, 0.00000000e+00, -1.00000000e+00, 0.00000000e+00, -2.09190887e+02, 7.13221970e+01, 2.12196596e-02, 0.00000000e+00, 0.00000000e+00, 7.75316525e+00, -4.90062714e+00, -6.00794697e+00, -2.92122593e-07, 0.00000000e+00, 0.00000000e+00, 3.72416663e+00, -6.12912416e-01, 3.67338467e+00, -5.42106582e-10, 0.00000000e+00, 0.00000000e+00, 0.00000000e+00, 0.00000000e+00, 0.00000000e+00, 0.00000000e+00, 0.00000000e+00, 5.39503479e+00, 5.42106582e-10, -2.92122593e-07, 5.39503479e+00, -1.22724247e+00, 0.00000000e+00, -2.16842346e+01, 1.57900629e+01, 0.00000000e+00, 0.00000000e+00, -3.71192765e+00, 0.00000000e+00, -3.84189026e+02, 0.00000000e+00, 0.00000000e+00, 0.00000000e+00, 0.00000000e+00, 0.00000000e+00, 0.00000000e+00, 0.00000000e+00, 0.00000000e+00, 0.00000000e+00, 0.00000000e+00, 2.37531042e+00, -2.37531042e+00, 0.00000000e+00, 0.00000000e+00, 8.63154602e+02, 1.42151868e+03, 4.59548950e-01, 0.00000000e+00, -4.99999942e-03
59, 4.59548950e-01, 0.00000000e+00, 4.99999942e-03, null, 1.78571325e-04, 2.00000000e+00, 9.98200012e+02, 769, 5.93328774e-01, 3.57431293e+00, 1.00078285e+00, 3.73579003e-02, -4.24162339e-04, 3.73554938e-02, 0.00000000e+00, null, null, 0.00000000e+00, null, 0.00000000e+00, 9.04136658e+01, 8.95863342e+01, 1.00000000e+00, 0.00000000e+00, -1.00000000e+00, 0.00000000e+00, -2.09190887e+02, 7.13221970e+01, 2.12196596e-02, 0.00000000e+00, 0.00000000e+00, 7.75316525e+00, -4.90062714e+00, -6.00794697e+00, -2.92122593e-07, 0.00000000e+00, 0.00000000e+00, 3.72416663e+00, -6.12912416e-01, 3.67338467e+00, -5.42106582e-10, 0.00000000e+00, 0.00000000e+00, 0.00000000e+00, 0.00000000e+00, 0.00000000e+00, 0.00000000e+00, 0.00000000e+00, 5.39503479e+00, 5.42106582e-10, -2.92122593e-07, 5.39503479e+00, -1.22724247e+00, 0.00000000e+00, -2.16842346e+01, 1.57900629e+01, 0.00000000e+00, 0.00000000e+00, -3.71192765e+00, 0.00000000e+00, -3.84189026e+02, 0.00000000e+00, 0.00000000e+00, 0.00000000e+00, 0.00000000e+00, 0.00000000e+00, 0.00000000e+00, 0.00000000e+00, 0.00000000e+00, 0.00000000e+00, 0.00000000e+00, 2.37531042e+00, -2.37531042e+00, 0.00000000e+00, 0.00000000e+00, 8.63154602e+02, 1.42151868e+03, 4.59548950e-01, 0.00000000e+00, 4.99999942e-03
60, 4.95263219e-01, 0.00000000e+00, 4.99999942e-03, null, 1.78571325e-04, 2.00000000e+00, 9.98200012e+02, 814, 6.31670594e-01, 3.57160807e+00, 1.00024331e+00, 6.39815107e-02, -5.85010275e-04, 6.39788359e-02, 0.00000000e+00, null, null, 0.00000000e+00, null, 0.00000000e+00, 9.05757751e+01, 8.94242249e+01, 1.00000000e+00, 0.00000000e+00, -1.00000000e+00, 0.00000000e+00, -3.58281677e+02, 7.61440887e+01, 2.40992866e-02, 0.00000000e+00, 0.00000000e+00, 8.69871140e+00, -4.32194042e+00, -7.54906654e+00, -8.37986761e-07, 0.00000000e+00, 0.00000000e+00, 3.38878202e+00, -7.31510282e-01, 3.30888748e+00, -1.08960627e-07, 0.00000000e+00, 0.00000000e+00, 0.00000000e+00, 0.00000000e+00, 0.00000000e+00, 0.00000000e+00, 0.00000000e+00, 6.81755638e+00, 1.08960627e-07, -8.37986761e-07, 6.81755638e+00, -1.01305294e+00, 0.00000000e+00, -1.98230343e+01, 1.46324625e+01, 0.00000000e+00, 0.00000000e+00, -3.34078336e+00, 0.00000000e+00, -2.92234589e+02, 0.00000000e+00, 0.00000000e+00, 0.00000000e+00, 0.00000000e+00, 0.00000000e+00, 0.00000000e+00, 0.00000000e+00, 0.00000000e+00, 0.00000000e+00, 0.00000000e+00, 3.27605939e+00, -3.27605939e+00, 0.00000000e+00, 0.00000000e+00, 1.01500677e+03, 1.51470386e+03, 4.95263219e-01, 0.00000000e+00, 4.99999942e-03
61, 4.95263219e-01, 0.00000000e+00, -4.99999942e-03, null, 1.78571325e-04, 2.00000000e+00, 9.98200012e+02, 1655, 6.31670594e-01, 3.57160807e+00, 1.00024331e+00, 6.39815107e-02, -5.85010275e-04, 6.39788359e-02, 0.00000000e+00, null, null, 0.00000000e+00, null, 0.00000000e+00, 9.05757751e+01, 8.94242249e+01, 1.00000000e+00, 0.00000000e+00, -1.00000000e+00, 0.00000000e+00, -3.58281677e+02, 7.61440887e+01, 2.40992866e-02, 0.00000000e+00, 0.00000000e+00, 8.69871140e+00, -4.32194042e+00, -7.54906654e+00, -8.37986761e-07, 0.00000000e+00, 0.00000000e+00, 3.38878202e+00, -7.31510282e-01, 3.30888748e+00, -1.08960627e-07, 0.00000000e+00, 0.00000000e+00, 0.00000000e+00, 0.00000000e+00, 0.00000000e+00, 0.00000000e+00, 0.00000000e+00, 6.81755638e+00, 1.08960627e-07, -8.37986761e-07, 6.81755638e+00, -1.01305294e+00, 0.00000000e+00, -1.98230343e+01, 1.46324625e+01, 0.00000000e+00, 0.00000000e+00, -3.34078336e+00, 0.00000000e+00, -2.92234589e+02, 0.00000000e+00, 0.00000000e+00, 0.00000000e+00, 0.00000000e+00, 0.00000000e+00, 0.00000000e+00, 0.00000000e+00, 0.00000000e+00, 0.00000000e+00, 0.00000000e+00, 3.27605939e+00, -3.27605939e+00, 0.00000000e+00, 0.00000000e+00, 1.01500677e+03, 1.51470386e+03, 4.95263219e-01, 0.00000000e+00, -4.99999942e-03
62, 5.30977488e-01, 0.00000000e+00, -4.99999942e-03, null, 1.78571616e-04, 2.00000000e+00, 9.98200012e+02, 1609, 6.58911586e-01, 3.57143331e+00, 1.00252235e+00, 9.28424895e-02, -7.34620611e-04, 9.28395912e-02, 0.00000000e+00, null, null, 0.00000000e+00, null, 0.00000000e+00, 9.05771713e+01, 8.94228210e+01, 1.00000000e+00, 0.00000000e+00, -1.00000000e+00, 0.00000000e+00, -5.19901184e+02, 7.97770920e+01, 2.63286736e-02, 0.00000000e+00, 0.00000000e+00, 9.54845047e+00, -3.68719697e+00, -8.80780792e+00, -5.42612270e-07, 0.00000000e+00, 0.00000000e+00, 2.94168663e+00, -7.23281860e-01, 2.85138249e+00, -3.61741463e-08, 0.00000000e+00, 0.00000000e+00, 0.00000000e+00, 0.00000000e+00, 0.00000000e+00, 0.00000000e+00, 0.00000000e+00, 8.08452606e+00, 3.61741463e-08, -5.42612270e-07, 8.08452606e+00, -8.35814476e-01, 0.00000000e+00, -1.68841362e+01, 1.24031248e+01, 0.00000000e+00, 0.00000000e+00, -2.94649196e+00, 0.00000000e+00, -1.80111725e+02, 0.00000000e+00, 0.00000000e+00, 0.00000000e+00, 0.00000000e+00, 0.00000000e+00, 0.00000000e+00, 0.00000000e+00, 0.00000000e+00, 0.00000000e+00, 0.00000000e+00, 4.11387110e+00, -4.11387110e+00, 0.00000000e+00, 0.00000000e+00, 1.13666687e+03, 1.58112463e+03, 5.30977488e-01, 0.00000000e+00, -4.99999942e-03
63, 5.30977488e-01, 0.00000000e+00, 4.99999942e-03, null, 1.78571616e-04, 2.00000000e+00, 9.98200012e+02, 768, 6.58911586e-01, 3.57143331e+00, 1.00252235e+00, 9.28424895e-02, -7.34620611e-04, 9.28395912e-02, 0.00000000e+00, null, null, 0.00000000e+00, null, 0.00000000e+00, 9.05771713e+01, 8.94228210e+01, 1.00000000e+00, 0.00000000e+00, -1.00000000e+00, 0.00000000e+00, -5.19901184e+02, 7.97770920e+01, 2.63286736e-02, 0.00000000e+00, 0.00000000e+00, 9.54845047e+00, -3.68719697e+00, -8.80780792e+00, -5.42612270e-07, 0.00000000e+00, 0.00000000e+00, 2.94168663e+00, -7.23281860e-01, 2.85138249e+00, -3.61741463e-08, 0.00000000e+00, 0.00000000e+00, 0.00000000e+00, 0.00000000e+00, 0.00000000e+00, 0.00000000e+00, 0.00000000e+00, 8.08452606e+00, 3.61741463e-08, -5.42612270e-07, 8.08452606e+00, -8.35814476e-01, 0.00000000e+00, -1.68841362e+01, 1.24031248e+01, 0.00000000e+00, 0.00000000e+00, -2.94649196e+00, 0.00000000e+00, -1.80111725e+02, 0.00000000e+00, 0.00000000e+00, 0.00000000e+00, 0.00000000e+00, 0.00000000e+00, 0.00000000e+00, 0.00000000e+00, 0.00000000e+00, 0.00000000e+00, 0.00000000e+00, 4.11387110e+00, -4.11387110e+00, 0.00000000e+00, 0.00000000e+00, 1.13666687e+03, 1.58112463e+03, 5.30977488e-01, 0.00000000e+00, 4.99999942e-03
64, 3.88120353e-01, 0.00000000e+00, 4.99999942e-03, null, 1.78571398e-04, 2.00000000e+00, 9.98200012e+02, 770, 4.48049843e-01, 3.57422900e+00, 1.00078261e+00, 4.42419155e-03, -1.29851454e-04, 4.42228559e-03, 0.00000000e+00, null, null, 0.00000000e+00, null, 0.00000000e+00, 9.01259766e+01, 8.98740234e+01, 1.00000000e+00, 0.00000000e+00, -1.00000000e+00, 0.00000000e+00, -2.47648029e+01, 5.37938766e+01, 1.22359917e-02, 0.00000000e+00, 0.00000000e+00, 4.40470409e+00, -3.62047338e+00, -2.50870299e+00, 0.00000000e+00, 0.00000000e+00, 0.00000000e+00, 3.48784328e+00, 9.83752489e-01, 3.34623408e+00, -1.17435478e-10, 0.00000000e+00, 0.00000000e+00, 0.00000000e+00, 0.00000000e+00, 0.00000000e+00, 0.00000000e+00, 0.00000000e+00, 3.49245548e+00, 1.17435478e-10, 0.00000000e+00, 3.49245548e+00, -2.74239302e-01, 0.00000000e+00, -9.64700890e+00, 8.70672226e+00, 0.00000000e+00, 0.00000000e+00, -1.61454535e+00, 0.00000000e+00, -3.33165359e+01, 0.00000000e+00, 0.00000000e+00, 0.00000000e+00, 0.00000000e+00, 0.00000000e+00, 0.00000000e+00, 0.00000000e+00, 0.00000000e+00, 0.00000000e+00, 0.00000000e+00, 7.27168262e-01, -7.27168262e-01, 0.00000000e+00, 0.00000000e+00, 4.72866699e+02, 1.07206421e+03, 3.88120353e-01, 0.00000000e+00, 4.99999942e-03
65, 3.88120353e-01, 0.00000000e+00, -4.99999942e-03, null, 1.78571398e-04, 2.00000000e+00, 9.98200012e+02, 1611, 4.48049843e-01, 3.57422900e+00, 1.00078261e+00, 4.42419155e-03, -1.29851454e-04, 4.42228559e-03, 0.00000000e+00, null, null, 0.00000000e+00, null, 0.00000000e+00, 9.01259766e+01, 8.98740234e+01, 1.00000000e+00, 0.00000000e+00, -1.00000000e+00, 0.00000000e+00, -2.47648029e+01, 5.37938766e+01, 1.22359917e-02, 0.00000000e+00, 0.00000000e+00, 4.40470409e+00, -3.62047338e+00, -2.50870299e+00, 0.00000000e+00, 0.00000000e+00, 0.00000000e+00, 3.48784328e+00, 9.83752489e-01, 3.34623408e+00, -1.17435478e-10, 0.00000000e+00, 0.00000000e+00, 0.00000000e+00, 0.00000000e+00, 0.00000000e+00, 0.00000000e+00, 0.00000000e+00, 3.49245548e+00, 1.17435478e-10, 0.00000000e+00, 3.49245548e+00, -2.74239302e-01, 0.00000000e+00, -9.64700890e+00, 8.70672226e+00, 0.00000000e+00, 0.00000000e+00, -1.61454535e+00, 0.00000000e+00, -3.33165359e+01, 0.00000000e+00, 0.00000000e+00, 0.00000000e+00, 0.00000000e+00, 0.00000000e+00, 0.00000000e+00, 0.00000000e+00, 0.00000000e+00, 0.00000000e+00, 0.00000000e+00, 7.27168262e-01, -7.27168262e-01, 0.00000000e+00, 0.00000000e+00, 4.72866699e+02, 1.07206421e+03, 3.88120353e-01, 0.00000000e+00, -4.99999942e-03
66, 5.66691816e-01, 0.00000000e+00, 4.99999942e-03, null, 1.78571325e-04, 2.00000000e+00, 9.98200012e+02, 815, 6.78868890e-01, 3.57143331e+00, 1.00188947e+00, 1.21132404e-01, -8.64458852e-04, 1.21129319e-01, 0.00000000e+00, null, null, 0.00000000e+00, null, 0.00000000e+00, 9.05787277e+01, 8.94212723e+01, 1.00000000e+00, 0.00000000e+00, -1.00000000e+00, 0.00000000e+00, -6.78324585e+02, 8.25996552e+01, 2.80817747e-02, 0.00000000e+00, 0.00000000e+00, 1.02838478e+01, -3.03975844e+00, -9.82432652e+00, 0.00000000e+00, 0.00000000e+00, 0.00000000e+00, 2.47542524e+00, -6.38929367e-01, 2.39154744e+00, -7.31569969e-08, 0.00000000e+00, 0.00000000e+00, 0.00000000e+00, 0.00000000e+00, 0.00000000e+00, 0.00000000e+00, 0.00000000e+00, 9.18539715e+00, 7.31569969e-08, 0.00000000e+00, 9.18539715e+00, -6.48211002e-01, 0.00000000e+00, -1.35467777e+01, 9.93600941e+00, 0.00000000e+00, 0.00000000e+00, -2.49199605e+00, 0.00000000e+00, -9.27894974e+01, 0.00000000e+00, 0.00000000e+00, 0.00000000e+00, 0.00000000e+00, 0.00000000e+00, 0.00000000e+00, 0.00000000e+00, 0.00000000e+00, 0.00000000e+00, 0.00000000e+00, 4.84097242e+00, -4.84097242e+00, 0.00000000e+00, 0.00000000e+00, 1.23099829e+03, 1.62991821e+03, 5.66691816e-01, 0.00000000e+00, 4.99999942e-03
67, 5.66691816e-01, 0.00000000e+00, -4.99999942e-03, null, 1.78571325e-04, 2.00000000e+00, 9.98200012e+02, 1656, 6.78868890e-01, 3.57143331e+00, 1.00188947e+00, 1.21132404e-01, -8.64458852e-04, 1.21129319e-01, 0.00000000e+00, null, null, 0.00000000e+00, null, 0.00000000e+00, 9.05787277e+01, 8.94212723e+01, 1.00000000e+00, 0.00000000e+00, -1.00000000e+00, 0.00000000e+00, -6.78324585e+02, 8.25996552e+01, 2.80817747e-02, 0.00000000e+00, 0.00000000e+00, 1.02838478e+01, -3.03975844e+00, -9.82432652e+00, 0.00000000e+00, 0.00000000e+00, 0.00000000e+00, 2.47542524e+00, -6.38929367e-01, 2.39154744e+00, -7.31569969e-08, 0.00000000e+00, 0.00000000e+00, 0.00000000e+00, 0.00000000e+00, 0.00000000e+00, 0.00000000e+00, 0.00000000e+00, 9.18539715e+00, 7.31569969e-08, 0.00000000e+00, 9.18539715e+00, -6.48211002e-01, 0.00000000e+00, -1.35467777e+01, 9.93600941e+00, 0.00000000e+00, 0.00000000e+00, -2.49199605e+00, 0.00000000e+00, -9.27894974e+01, 0.00000000e+00, 0.00000000e+00, 0.00000000e+00, 0.00000000e+00, 0.00000000e+00, 0.00000000e+00, 0.00000000e+00, 0.00000000e+00, 0.00000000e+00, 0.00000000e+00, 4.84097242e+00, -4.84097242e+00, 0.00000000e+00, 0.00000000e+00, 1.23099829e+03, 1.62991821e+03, 5.66691816e-01, 0.00000000e+00, -4.99999942e-03
68, 6.02406085e-01, 0.00000000e+00, -4.99999942e-03, null, 1.78571325e-04, 2.00000000e+00, 9.98200012e+02, 1608, 6.94464386e-01, 3.57142735e+00, 1.00126481e+00, 1.46885946e-01, -9.74658760e-04, 1.46882713e-01, 0.00000000e+00, null, null, 0.00000000e+00, null, 0.00000000e+00, 9.05794601e+01, 8.94205399e+01, 1.00000000e+00, 0.00000000e+00, -1.00000000e+00, 0.00000000e+00, -8.22543701e+02, 8.47975006e+01, 2.94891130e-02, 0.00000000e+00, 0.00000000e+00, 1.09361115e+01, -2.48074317e+00, -1.06510305e+01, 0.00000000e+00, 0.00000000e+00, 0.00000000e+00, 2.04890919e+00, -5.35123825e-01, 1.97779453e+00, -7.23763094e-08, 0.00000000e+00, 0.00000000e+00, 0.00000000e+00, 0.00000000e+00, 0.00000000e+00, 0.00000000e+00, 0.00000000e+00, 1.01159067e+01, 7.23763094e-08, 0.00000000e+00, 1.01159067e+01, -5.02948642e-01, 0.00000000e+00, -1.06060200e+01, 7.70425749e+00, 0.00000000e+00, 0.00000000e+00, -2.09415483e+00, 0.00000000e+00, -4.44503784e+01, 0.00000000e+00, 0.00000000e+00, 0.00000000e+00, 0.00000000e+00, 0.00000000e+00, 0.00000000e+00, 0.00000000e+00, 0.00000000e+00, 0.00000000e+00, 0.00000000e+00, 5.45809221e+00, -5.45809221e+00, 0.00000000e+00, 0.00000000e+00, 1.30542456e+03, 1.66805371e+03, 6.02406085e-01, 0.00000000e+00, -4.99999942e-03
69, 6.02406085e-01, 0.00000000e+00, 4.99999942e-03, null, 1.78571325e-04, 2.00000000e+00, 9.98200012e+02, 767, 6.94464386e-01, 3.57142735e+00, 1.00126481e+00, 1.46885946e-01, -9.74658760e-04, 1.46882713e-01, 0.00000000e+00, null, null, 0.00000000e+00, null, 0.00000000e+00, 9.05794601e+01, 8.94205399e+01, 1.00000000e+00, 0.00000000e+00, -1.00000000e+00, 0.00000000e+00, -8.22543701e+02, 8.47975006e+01, 2.94891130e-02, 0.00000000e+00, 0.00000000e+00, 1.09361115e+01, -2.48074317e+00, -1.06510305e+01, 0.00000000e+00, 0.00000000e+00, 0.00000000e+00, 2.04890919e+00, -5.35123825e-01, 1.97779453e+00, -7.23763094e-08, 0.00000000e+00, 0.00000000e+00, 0.00000000e+00, 0.00000000e+00, 0.00000000e+00, 0.00000000e+00, 0.00000000e+00, 1.01159067e+01, 7.23763094e-08, 0.00000000e+00, 1.01159067e+01, -5.02948642e-01, 0.00000000e+00, -1.06060200e+01, 7.70425749e+00, 0.00000000e+00, 0.00000000e+00, -2.09415483e+00, 0.00000000e+00, -4.44503784e+01, 0.00000000e+00, 0.00000000e+00, 0.00000000e+00, 0.00000000e+00, 0.00000000e+00, 0.00000000e+00, 0.00000000e+00, 0.00000000e+00, 0.00000000e+00, 0.00000000e+00, 5.45809221e+00, -5.45809221e+00, 0.00000000e+00, 0.00000000e+00, 1.30542456e+03, 1.66805371e+03, 6.02406085e-01, 0.00000000e+00, 4.99999942e-03
70, 6.38120353e-01, 0.00000000e+00, 4.99999942e-03, null, 1.78571325e-04, 2.00000000e+00, 9.98200012e+02, 816, 7.07037449e-01, 3.57142735e+00, 1.00094640e+00, 1.69289574e-01, -1.06647226e-03, 1.69286206e-01, 0.00000000e+00, null, null, 0.00000000e+00, null, 0.00000000e+00, 9.05801926e+01, 8.94198074e+01, 1.00000000e+00, 0.00000000e+00, -1.00000000e+00, 0.00000000e+00, -9.48003296e+02, 8.65488663e+01, 3.06418184e-02, 0.00000000e+00, 0.00000000e+00, 1.15065451e+01, -2.00397277e+00, -1.13306961e+01, 0.00000000e+00, 0.00000000e+00, 0.00000000e+00, 1.68289983e+00, -4.46254283e-01, 1.62265491e+00, 3.65680215e-08, 0.00000000e+00, 0.00000000e+00, 0.00000000e+00, 0.00000000e+00, 0.00000000e+00, 0.00000000e+00, 0.00000000e+00, 1.08844414e+01, -3.65680215e-08, 0.00000000e+00, 1.08844414e+01, -3.81317854e-01, 0.00000000e+00, -8.30812836e+00, 6.03139639e+00, 0.00000000e+00, 0.00000000e+00, -1.74570131e+00, 0.00000000e+00, -2.13325024e+01, 0.00000000e+00, 0.00000000e+00, 0.00000000e+00, 0.00000000e+00, 0.00000000e+00, 0.00000000e+00, 0.00000000e+00, 0.00000000e+00, 0.00000000e+00, 0.00000000e+00, 5.97224808e+00, -5.97224808e+00, 0.00000000e+00, 0.00000000e+00, 1.36421851e+03, 1.69876453e+03, 6.38120353e-01, 0.00000000e+00, 4.99999942e-03
71, 6.38120353e-01, 0.00000000e+00, -4.99999942e-03, null, 1.78571325e-04, 2.00000000e+00, 9.98200012e+02, 1657, 7.07037449e-01, 3.57142735e+00, 1.00094640e+00, 1.69289574e-01, -1.06647226e-03, 1.69286206e-01, 0.00000000e+00, null, null, 0.00000000e+00, null, 0.00000000e+00, 9.05801926e+01, 8.94198074e+01, 1.00000000e+00, 0.00000000e+00, -1.00000000e+00, 0.00000000e+00, -9.48003296e+02, 8.65488663e+01, 3.06418184e-02, 0.00000000e+00, 0.00000000e+00, 1.15065451e+01, -2.00397277e+00, -1.13306961e+01, 0.00000000e+00, 0.00000000e+00, 0.00000000e+00, 1.68289983e+00, -4.46254283e-01, 1.62265491e+00, 3.65680215e-08, 0.00000000e+00, 0.00000000e+00, 0.00000000e+00, 0.00000000e+00, 0.00000000e+00, 0.00000000e+00, 0.00000000e+00, 1.08844414e+01, -3.65680215e-08, 0.00000000e+00, 1.08844414e+01, -3.81317854e-01, 0.00000000e+00, -8.30812836e+00, 6.03139639e+00, 0.00000000e+00, 0.00000000e+00, -1.74570131e+00, 0.00000000e+00, -2.13325024e+01, 0.00000000e+00, 0.00000000e+00, 0.00000000e+00, 0.00000000e+00, 0.00000000e+00, 0.00000000e+00, 0.00000000e+00, 0.00000000e+00, 0.00000000e+00, 0.00000000e+00, 5.97224808e+00, -5.97224808e+00, 0.00000000e+00, 0.00000000e+00, 1.36421851e+03, 1.69876453e+03, 6.38120353e-01, 0.00000000e+00, -4.99999942e-03
72, 6.73834622e-01, 0.00000000e+00, -4.99999942e-03, null, 1.78571325e-04, 2.00000000e+00, 9.98200012e+02, 1607, 7.17431724e-01, 3.57143331e+00, 1.00063252e+00, 1.88104048e-01, -1.14225259e-03, 1.88100591e-01, 0.00000000e+00, null, null, 0.00000000e+00, null, 0.00000000e+00, 9.05805588e+01, 8.94194336e+01, 1.00000000e+00, 0.00000000e+00, -1.00000000e+00, 0.00000000e+00, -1.05336389e+03, 8.79781265e+01, 3.16049941e-02, 0.00000000e+00, 0.00000000e+00, 1.19974174e+01, -1.60033846e+00, -1.18902035e+01, -5.85032126e-07, 0.00000000e+00, 0.00000000e+00, 1.37159491e+00, -3.79543245e-01, 1.31803620e+00, 7.27595975e-08, 0.00000000e+00, 0.00000000e+00, 0.00000000e+00, 0.00000000e+00, 0.00000000e+00, 0.00000000e+00, 0.00000000e+00, 1.15106602e+01, -7.27595975e-08, -5.85032126e-07, 1.15106602e+01, -2.82302260e-01, 0.00000000e+00, -6.62215042e+00, 4.88179398e+00, 0.00000000e+00, 0.00000000e+00, -1.45117629e+00, 0.00000000e+00, -1.07879276e+01, 0.00000000e+00, 0.00000000e+00, 0.00000000e+00, 0.00000000e+00, 0.00000000e+00, 0.00000000e+00, 0.00000000e+00, 0.00000000e+00, 0.00000000e+00, 0.00000000e+00, 6.39661789e+00, -6.39661789e+00, 0.00000000e+00, 0.00000000e+00, 1.41085791e+03, 1.72410559e+03, 6.73834622e-01, 0.00000000e+00, -4.99999942e-03
73, 6.73834622e-01, 0.00000000e+00, 4.99999942e-03, null, 1.78571325e-04, 2.00000000e+00, 9.98200012e+02, 766, 7.17431724e-01, 3.57143331e+00, 1.00063252e+00, 1.88104048e-01, -1.14225259e-03, 1.88100591e-01, 0.00000000e+00, null, null, 0.00000000e+00, null, 0.00000000e+00, 9.05805588e+01, 8.94194336e+01, 1.00000000e+00, 0.00000000e+00, -1.00000000e+00, 0.00000000e+00, -1.05336389e+03, 8.79781265e+01, 3.16049941e-02, 0.00000000e+00, 0.00000000e+00, 1.19974174e+01, -1.60033846e+00, -1.18902035e+01, -5.85032126e-07, 0.00000000e+00, 0.00000000e+00, 1.37159491e+00, -3.79543245e-01, 1.31803620e+00, 7.27595975e-08, 0.00000000e+00, 0.00000000e+00, 0.00000000e+00, 0.00000000e+00, 0.00000000e+00, 0.00000000e+00, 0.00000000e+00, 1.15106602e+01, -7.27595975e-08, -5.85032126e-07, 1.15106602e+01, -2.82302260e-01, 0.00000000e+00, -6.62215042e+00, 4.88179398e+00, 0.00000000e+00, 0.00000000e+00, -1.45117629e+00, 0.00000000e+00, -1.07879276e+01, 0.00000000e+00, 0.00000000e+00, 0.00000000e+00, 0.00000000e+00, 0.00000000e+00, 0.00000000e+00, 0.00000000e+00, 0.00000000e+00, 0.00000000e+00, 0.00000000e+00, 6.39661789e+00, -6.39661789e+00, 0.00000000e+00, 0.00000000e+00, 1.41085791e+03, 1.72410559e+03, 6.73834622e-01, 0.00000000e+00, 4.99999942e-03
74, 7.09548950e-01, 0.00000000e+00, 4.99999942e-03, null, 1.78571470e-04, 2.00000000e+00, 9.98200012e+02, 817, 7.26276398e-01, 3.57143331e+00, 1.00047445e+00, 2.03440130e-01, -1.20392581e-03, 2.03436568e-01, 0.00000000e+00, null, null, 0.00000000e+00, null, 0.00000000e+00, 9.05809326e+01, 8.94190750e+01, 1.00000000e+00, 0.00000000e+00, -1.00000000e+00, 0.00000000e+00, -1.13924451e+03, 8.91732025e+01, 3.24287564e-02, 0.00000000e+00, 0.00000000e+00, 1.24116888e+01, -1.25633562e+00, -1.23479404e+01, -5.06024492e-07, 0.00000000e+00, 0.00000000e+00, 1.10269272e+00, -3.28058690e-01, 1.05276239e+00, 3.61968695e-08, 0.00000000e+00, 0.00000000e+00, 0.00000000e+00, 0.00000000e+00, 0.00000000e+00, 0.00000000e+00, 0.00000000e+00, 1.20198822e+01, -3.61968695e-08, -5.06024492e-07, 1.20198822e+01, -2.03573227e-01, 0.00000000e+00, -5.37347174e+00, 4.08271360e+00, 0.00000000e+00, 0.00000000e+00, -1.20257068e+00, 0.00000000e+00, -5.75755072e+00, 0.00000000e+00, 0.00000000e+00, 0.00000000e+00, 0.00000000e+00, 0.00000000e+00, 0.00000000e+00, 0.00000000e+00, 0.00000000e+00, 0.00000000e+00, 0.00000000e+00, 6.74198294e+00, -6.74198294e+00, 0.00000000e+00, 0.00000000e+00, 1.44771216e+03, 1.74560181e+03, 7.09548950e-01, 0.00000000e+00, 4.99999942e-03
75, 7.09548950e-01, 0.00000000e+00, -4.99999942e-03, null, 1.78571470e-04, 2.00000000e+00, 9.98200012e+02, 1658, 7.26276398e-01, 3.57143331e+00, 1.00047445e+00, 2.03440130e-01, -1.20392581e-03, 2.03436568e-01, 0.00000000e+00, null, null, 0.00000000e+00, null, 0.00000000e+00, 9.05809326e+01, 8.94190750e+01, 1.00000000e+00, 0.00000000e+00, -1.00000000e+00, 0.00000000e+00, -1.13924451e+03, 8.91732025e+01, 3.24287564e-02, 0.00000000e+00, 0.00000000e+00, 1.24116888e+01, -1.25633562e+00, -1.23479404e+01, -5.06024492e-07, 0.00000000e+00, 0.00000000e+00, 1.10269272e+00, -3.28058690e-01, 1.05276239e+00, 3.61968695e-08, 0.00000000e+00, 0.00000000e+00, 0.00000000e+00, 0.00000000e+00, 0.00000000e+00, 0.00000000e+00, 0.00000000e+00, 1.20198822e+01, -3.61968695e-08, -5.06024492e-07, 1.20198822e+01, -2.03573227e-01, 0.00000000e+00, -5.37347174e+00, 4.08271360e+00, 0.00000000e+00, 0.00000000e+00, -1.20257068e+00, 0.00000000e+00, -5.75755072e+00, 0.00000000e+00, 0.00000000e+00, 0.00000000e+00, 0.00000000e+00, 0.00000000e+00, 0.00000000e+00, 0.00000000e+00, 0.00000000e+00, 0.00000000e+00, 0.00000000e+00, 6.74198294e+00, -6.74198294e+00, 0.00000000e+00, 0.00000000e+00, 1.44771216e+03, 1.74560181e+03, 7.09548950e-01, 0.00000000e+00, -4.99999942e-03
76, 7.45263219e-01, 0.00000000e+00, -4.99999942e-03, null, 1.78571470e-04, 2.00000000e+00, 9.98200012e+02, 1606, 7.34031498e-01, 3.57142735e+00, 1.00031638e+00, 2.15407804e-01, -1.25363539e-03, 2.15404153e-01, 0.00000000e+00, null, null, 0.00000000e+00, null, 0.00000000e+00, 9.05811157e+01, 8.94188919e+01, 1.00000000e+00, 0.00000000e+00, -1.00000000e+00, 0.00000000e+00, -1.20626294e+03, 9.02031708e+01, 3.31532955e-02, 0.00000000e+00, 0.00000000e+00, 1.27510576e+01, -9.63183641e-01, -1.27146273e+01, 2.18641091e-07, 0.00000000e+00, 0.00000000e+00, 8.67234528e-01, -2.85458982e-01, 8.18907142e-01, 0.00000000e+00, 0.00000000e+00, 0.00000000e+00, 0.00000000e+00, 0.00000000e+00, 0.00000000e+00, 0.00000000e+00, 0.00000000e+00, 1.24291687e+01, 0.00000000e+00, 2.18641091e-07, 1.24291687e+01, -1.44276500e-01, 0.00000000e+00, -4.41826248e+00, 3.48209643e+00, 0.00000000e+00, 0.00000000e+00, -9.95666802e-01, 0.00000000e+00, -3.19817328e+00, 0.00000000e+00, 0.00000000e+00, 0.00000000e+00, 0.00000000e+00, 0.00000000e+00, 0.00000000e+00, 0.00000000e+00, 0.00000000e+00, 0.00000000e+00, 0.00000000e+00, 7.02035666e+00, -7.02035666e+00, 0.00000000e+00, 0.00000000e+00, 1.47675317e+03, 1.76437610e+03, 7.45263219e-01, 0.00000000e+00, -4.99999942e-03
77, 7.45263219e-01, 0.00000000e+00, 4.99999942e-03, null, 1.78571470e-04, 2.00000000e+00, 9.98200012e+02, 765, 7.34031498e-01, 3.57142735e+00, 1.00031638e+00, 2.15407804e-01, -1.25363539e-03, 2.15404153e-01, 0.00000000e+00, null, null, 0.00000000e+00, null, 0.00000000e+00, 9.05811157e+01, 8.94188919e+01, 1.00000000e+00, 0.00000000e+00, -1.00000000e+00, 0.00000000e+00, -1.20626294e+03, 9.02031708e+01, 3.31532955e-02, 0.00000000e+00, 0.00000000e+00, 1.27510576e+01, -9.63183641e-01, -1.27146273e+01, 2.18641091e-07, 0.00000000e+00, 0.00000000e+00, 8.67234528e-01, -2.85458982e-01, 8.18907142e-01, 0.00000000e+00, 0.00000000e+00, 0.00000000e+00, 0.00000000e+00, 0.00000000e+00, 0.00000000e+00, 0.00000000e+00, 0.00000000e+00, 1.24291687e+01, 0.00000000e+00, 2.18641091e-07, 1.24291687e+01, -1.44276500e-01, 0.00000000e+00, -4.41826248e+00, 3.48209643e+00, 0.00000000e+00, 0.00000000e+00, -9.95666802e-01, 0.00000000e+00, -3.19817328e+00, 0.00000000e+00, 0.00000000e+00, 0.00000000e+00, 0.00000000e+00, 0.00000000e+00, 0.00000000e+00, 0.00000000e+00, 0.00000000e+00, 0.00000000e+00, 0.00000000e+00, 7.02035666e+00, -7.02035666e+00, 0.00000000e+00, 0.00000000e+00, 1.47675317e+03, 1.76437610e+03, 7.45263219e-01, 0.00000000e+00, 4.99999942e-03
78, 7.80977488e-01, 0.00000000e+00, 4.99999942e-03, null, 1.78571616e-04, 2.00000000e+00, 9.98200012e+02, 818, 7.41080523e-01, 3.57143331e+00, 1.00023699e+00, 2.23978013e-01, -1.29335234e-03, 2.23974273e-01, 0.00000000e+00, null, null, 0.00000000e+00, null, 0.00000000e+00, 9.05812988e+01, 8.94187088e+01, 1.00000000e+00, 0.00000000e+00, -1.00000000e+00, 0.00000000e+00, -1.25425464e+03, 9.11216049e+01, 3.38122994e-02, 0.00000000e+00, 0.00000000e+00, 1.30128746e+01, -7.04543531e-01, -1.29937878e+01, -5.86401995e-07, 0.00000000e+00, 0.00000000e+00, 6.59774542e-01, -2.50751078e-01, 6.10267460e-01, 9.14000431e-09, 0.00000000e+00, 0.00000000e+00, 0.00000000e+00, 0.00000000e+00, 0.00000000e+00, 0.00000000e+00, 0.00000000e+00, 1.27430363e+01, -9.14000431e-09, -5.86401995e-07, 1.27430363e+01, -9.42760706e-02, 0.00000000e+00, -3.68816638e+00, 3.06521988e+00, 0.00000000e+00, 0.00000000e+00, -8.05520594e-01, 0.00000000e+00, -1.85921359e+00, 0.00000000e+00, 0.00000000e+00, 0.00000000e+00, 0.00000000e+00, 0.00000000e+00, 0.00000000e+00, 0.00000000e+00, 0.00000000e+00, 0.00000000e+00, 0.00000000e+00, 7.24276543e+00, -7.24276543e+00, 0.00000000e+00, 0.00000000e+00, 1.49957275e+03, 1.78136047e+03, 7.80977488e-01, 0.00000000e+00, 4.99999942e-03
79, 7.80977488e-01, 0.00000000e+00, -4.99999942e-03, null, 1.78571616e-04, 2.00000000e+00, 9.98200012e+02, 1659, 7.41080523e-01, 3.57143331e+00, 1.00023699e+00, 2.23978013e-01, -1.29335234e-03, 2.23974273e-01, 0.00000000e+00, null, null, 0.00000000e+00, null, 0.00000000e+00, 9.05812988e+01, 8.94187088e+01, 1.00000000e+00, 0.00000000e+00, -1.00000000e+00, 0.00000000e+00, -1.25425464e+03, 9.11216049e+01, 3.38122994e-02, 0.00000000e+00, 0.00000000e+00, 1.30128746e+01, -7.04543531e-01, -1.29937878e+01, -5.86401995e-07, 0.00000000e+00, 0.00000000e+00, 6.59774542e-01, -2.50751078e-01, 6.10267460e-01, 9.14000431e-09, 0.00000000e+00, 0.00000000e+00, 0.00000000e+00, 0.00000000e+00, 0.00000000e+00, 0.00000000e+00, 0.00000000e+00, 1.27430363e+01, -9.14000431e-09, -5.86401995e-07, 1.27430363e+01, -9.42760706e-02, 0.00000000e+00, -3.68816638e+00, 3.06521988e+00, 0.00000000e+00, 0.00000000e+00, -8.05520594e-01, 0.00000000e+00, -1.85921359e+00, 0.00000000e+00, 0.00000000e+00, 0.00000000e+00, 0.00000000e+00, 0.00000000e+00, 0.00000000e+00, 0.00000000e+00, 0.00000000e+00, 0.00000000e+00, 0.00000000e+00, 7.24276543e+00, -7.24276543e+00, 0.00000000e+00, 0.00000000e+00, 1.49957275e+03, 1.78136047e+03, 7.80977488e-01, 0.00000000e+00, -4.99999942e-03
80, 8.16691816e-01, 0.00000000e+00, -4.99999942e-03, null, 1.78571325e-04, 2.00000000e+00, 9.98200012e+02, 1605, 7.47731388e-01, 3.57143331e+00, 1.00015914e+00, 2.29020551e-01, -1.32424594e-03, 2.29016721e-01, 0.00000000e+00, null, null, 0.00000000e+00, null, 0.00000000e+00, 9.05814819e+01, 8.94185181e+01, 1.00000000e+00, 0.00000000e+00, -1.00000000e+00, 0.00000000e+00, -1.28249438e+03, 9.19728622e+01, 3.44343744e-02, 0.00000000e+00, 0.00000000e+00, 1.31941929e+01, -4.66241449e-01, -1.31859531e+01, 7.17534121e-09, 0.00000000e+00, 0.00000000e+00, 4.77909893e-01, -2.27899030e-01, 4.20071304e-01, 9.05010378e-09, 0.00000000e+00, 0.00000000e+00, 0.00000000e+00, 0.00000000e+00, 0.00000000e+00, 0.00000000e+00, 0.00000000e+00, 1.29580545e+01, -9.05010378e-09, 7.17534121e-09, 1.29580545e+01, -4.61701453e-02, 0.00000000e+00, -3.20092058e+00, 2.89165139e+00, 0.00000000e+00, 0.00000000e+00, -5.97332060e-01, 0.00000000e+00, -1.21487963e+00, 0.00000000e+00, 0.00000000e+00, 0.00000000e+00, 0.00000000e+00, 0.00000000e+00, 0.00000000e+00, 0.00000000e+00, 0.00000000e+00, 0.00000000e+00, 0.00000000e+00, 7.41578150e+00, -7.41578150e+00, 0.00000000e+00, 0.00000000e+00, 1.51709375e+03, 1.79729736e+03, 8.16691816e-01, 0.00000000e+00, -4.99999942e-03
81, 8.16691816e-01, 0.00000000e+00, 4.99999942e-03, null, 1.78571325e-04, 2.00000000e+00, 9.98200012e+02, 764, 7.47731388e-01, 3.57143331e+00, 1.00015914e+00, 2.29020551e-01, -1.32424594e-03, 2.29016721e-01, 0.00000000e+00, null, null, 0.00000000e+00, null, 0.00000000e+00, 9.05814819e+01, 8.94185181e+01, 1.00000000e+00, 0.00000000e+00, -1.00000000e+00, 0.00000000e+00, -1.28249438e+03, 9.19728622e+01, 3.44343744e-02, 0.00000000e+00, 0.00000000e+00, 1.31941929e+01, -4.66241449e-01, -1.31859531e+01, 7.17534121e-09, 0.00000000e+00, 0.00000000e+00, 4.77909893e-01, -2.27899030e-01, 4.20071304e-01, 9.05010378e-09, 0.00000000e+00, 0.00000000e+00, 0.00000000e+00, 0.00000000e+00, 0.00000000e+00, 0.00000000e+00, 0.00000000e+00, 1.29580545e+01, -9.05010378e-09, 7.17534121e-09, 1.29580545e+01, -4.61701453e-02, 0.00000000e+00, -3.20092058e+00, 2.89165139e+00, 0.00000000e+00, 0.00000000e+00, -5.97332060e-01, 0.00000000e+00, -1.21487963e+00, 0.00000000e+00, 0.00000000e+00, 0.00000000e+00, 0.00000000e+00, 0.00000000e+00, 0.00000000e+00, 0.00000000e+00, 0.00000000e+00, 0.00000000e+00, 0.00000000e+00, 7.41578150e+00, -7.41578150e+00, 0.00000000e+00, 0.00000000e+00, 1.51709375e+03, 1.79729736e+03, 8.16691816e-01, 0.00000000e+00, 4.99999942e-03
82, 8.52406085e-01, 0.00000000e+00, 4.99999942e-03, null, 1.78571325e-04, 2.00000000e+00, 9.98200012e+02, 819, 7.54272342e-01, 3.57142735e+00, 1.00011861e+00, 2.30416164e-01, -1.34731783e-03, 2.30412230e-01, 0.00000000e+00, null, null, 0.00000000e+00, null, 0.00000000e+00, 9.05814819e+01, 8.94185181e+01, 1.00000000e+00, 0.00000000e+00, -1.00000000e+00, 0.00000000e+00, -1.29030920e+03, 9.27955399e+01, 3.50462906e-02, 0.00000000e+00, 0.00000000e+00, 1.32923269e+01, -2.36613348e-01, -1.32902212e+01, 7.24016957e-07, 0.00000000e+00, 0.00000000e+00, 3.26999903e-01, -2.21844763e-01, 2.40237042e-01, -1.71369130e-09, 0.00000000e+00, 0.00000000e+00, 0.00000000e+00, 0.00000000e+00, 0.00000000e+00, 0.00000000e+00, 0.00000000e+00, 1.30683765e+01, 1.71369130e-09, 7.24016957e-07, 1.30683765e+01, 3.62369418e-03, 0.00000000e+00, -3.00520921e+00, 2.98071885e+00, 0.00000000e+00, 0.00000000e+00, 2.45169684e-01, 0.00000000e+00, -1.00521946e+00, 0.00000000e+00, 0.00000000e+00, 0.00000000e+00, 0.00000000e+00, 0.00000000e+00, 0.00000000e+00, 0.00000000e+00, 0.00000000e+00, 0.00000000e+00, 0.00000000e+00, 7.54498434e+00, -7.54498434e+00, 0.00000000e+00, 0.00000000e+00, 1.53004956e+03, 1.81287817e+03, 8.52406085e-01, 0.00000000e+00, 4.99999942e-03
83, 8.52406085e-01, 0.00000000e+00, -4.99999942e-03, null, 1.78571325e-04, 2.00000000e+00, 9.98200012e+02, 1660, 7.54272342e-01, 3.57142735e+00, 1.00011861e+00, 2.30416164e-01, -1.34731783e-03, 2.30412230e-01, 0.00000000e+00, null, null, 0.00000000e+00, null, 0.00000000e+00, 9.05814819e+01, 8.94185181e+01, 1.00000000e+00, 0.00000000e+00, -1.00000000e+00, 0.00000000e+00, -1.29030920e+03, 9.27955399e+01, 3.50462906e-02, 0.00000000e+00, 0.00000000e+00, 1.32923269e+01, -2.36613348e-01, -1.32902212e+01, 7.24016957e-07, 0.00000000e+00, 0.00000000e+00, 3.26999903e-01, -2.21844763e-01, 2.40237042e-01, -1.71369130e-09, 0.00000000e+00, 0.00000000e+00, 0.00000000e+00, 0.00000000e+00, 0.00000000e+00, 0.00000000e+00, 0.00000000e+00, 1.30683765e+01, 1.71369130e-09, 7.24016957e-07, 1.30683765e+01, 3.62369418e-03, 0.00000000e+00, -3.00520921e+00, 2.98071885e+00, 0.00000000e+00, 0.00000000e+00, 2.45169684e-01, 0.00000000e+00, -1.00521946e+00, 0.00000000e+00, 0.00000000e+00, 0.00000000e+00, 0.00000000e+00, 0.00000000e+00, 0.00000000e+00, 0.00000000e+00, 0.00000000e+00, 0.00000000e+00, 0.00000000e+00, 7.54498434e+00, -7.54498434e+00, 0.00000000e+00, 0.00000000e+00, 1.53004956e+03, 1.81287817e+03, 8.52406085e-01, 0.00000000e+00, -4.99999942e-03
84, 8.88120353e-01, 0.00000000e+00, -4.99999942e-03, null, 1.78571325e-04, 2.00000000e+00, 9.98200012e+02, 1604, 7.60965049e-01, 3.57142735e+00, 1.00007939e+00, 2.28112325e-01, -1.36283401e-03, 2.28108257e-01, 0.00000000e+00, null, null, 0.00000000e+00, null, 0.00000000e+00, 9.05815277e+01, 8.94184723e+01, 1.00000000e+00, 0.00000000e+00, -1.00000000e+00, 0.00000000e+00, -1.27740698e+03, 9.36247635e+01, 3.56732719e-02, 0.00000000e+00, 0.00000000e+00, 1.33079805e+01, 7.80569157e-03, -1.33079786e+01, -4.38700312e-07, 0.00000000e+00, 0.00000000e+00, 2.42140785e-01, -2.34538049e-01, 6.02001771e-02, -1.69693282e-09, 0.00000000e+00, 0.00000000e+00, 0.00000000e+00, 0.00000000e+00, 0.00000000e+00, 0.00000000e+00, 0.00000000e+00, 1.30734406e+01, 1.69693282e-09, -4.38700312e-07, 1.30734406e+01, 6.80058673e-02, 0.00000000e+00, -3.12075734e+00, 2.66258097e+00, 0.00000000e+00, 0.00000000e+00, 6.79261327e-01, 0.00000000e+00, -1.12610054e+00, 0.00000000e+00, 0.00000000e+00, 0.00000000e+00, 0.00000000e+00, 0.00000000e+00, 0.00000000e+00, 0.00000000e+00, 0.00000000e+00, 0.00000000e+00, 0.00000000e+00, 7.63187504e+00, -7.63187504e+00, 0.00000000e+00, 0.00000000e+00, 1.53868896e+03, 1.82872351e+03, 8.88120353e-01, 0.00000000e+00, -4.99999942e-03
85, 8.88120353e-01, 0.00000000e+00, 4.99999942e-03, null, 1.78571325e-04, 2.00000000e+00, 9.98200012e+02, 763, 7.60965049e-01, 3.57142735e+00, 1.00007939e+00, 2.28112325e-01, -1.36283401e-03, 2.28108257e-01, 0.00000000e+00, null, null, 0.00000000e+00, null, 0.00000000e+00, 9.05815277e+01, 8.94184723e+01, 1.00000000e+00, 0.00000000e+00, -1.00000000e+00, 0.00000000e+00, -1.27740698e+03, 9.36247635e+01, 3.56732719e-02, 0.00000000e+00, 0.00000000e+00, 1.33079805e+01, 7.80569157e-03, -1.33079786e+01, -4.38700312e-07, 0.00000000e+00, 0.00000000e+00, 2.42140785e-01, -2.34538049e-01, 6.02001771e-02, -1.69693282e-09, 0.00000000e+00, 0.00000000e+00, 0.00000000e+00, 0.00000000e+00, 0.00000000e+00, 0.00000000e+00, 0.00000000e+00, 1.30734406e+01, 1.69693282e-09, -4.38700312e-07, 1.30734406e+01, 6.80058673e-02, 0.00000000e+00, -3.12075734e+00, 2.66258097e+00, 0.00000000e+00, 0.00000000e+00, 6.79261327e-01, 0.00000000e+00, -1.12610054e+00, 0.00000000e+00, 0.00000000e+00, 0.00000000e+00, 0.00000000e+00, 0.00000000e+00, 0.00000000e+00, 0.00000000e+00, 0.00000000e+00, 0.00000000e+00, 0.00000000e+00, 7.63187504e+00, -7.63187504e+00, 0.00000000e+00, 0.00000000e+00, 1.53868896e+03, 1.82872351e+03, 8.88120353e-01, 0.00000000e+00, 4.99999942e-03
86, 9.23834622e-01, 0.00000000e+00, 4.99999942e-03, null, 1.78571325e-04, 2.00000000e+00, 9.98200012e+02, 820, 7.67464519e-01, 3.57143331e+00, 1.00005770e+00, 2.22515643e-01, -1.36860576e-03, 2.22511426e-01, 0.00000000e+00, null, null, 0.00000000e+00, null, 0.00000000e+00, 9.05815735e+01, 8.94184265e+01, 1.00000000e+00, 0.00000000e+00, -1.00000000e+00, 0.00000000e+00, -1.24606470e+03, 9.44198303e+01, 3.62834334e-02, 0.00000000e+00, 0.00000000e+00, 1.32489529e+01, 2.72016019e-01, -1.32461605e+01, 1.50513685e-07, 0.00000000e+00, 0.00000000e+00, 2.88344055e-01, -2.57428885e-01, -1.29894823e-01, -9.13954246e-09, 0.00000000e+00, 0.00000000e+00, 0.00000000e+00, 0.00000000e+00, 0.00000000e+00, 0.00000000e+00, 0.00000000e+00, 1.29887314e+01, 9.13954246e-09, 1.50513685e-07, 1.29887314e+01, 1.42121196e-01, 0.00000000e+00, -3.44527769e+00, 2.49537897e+00, 0.00000000e+00, 0.00000000e+00, 9.15259242e-01, 0.00000000e+00, -1.51685834e+00, 0.00000000e+00, 0.00000000e+00, 0.00000000e+00, 0.00000000e+00, 0.00000000e+00, 0.00000000e+00, 0.00000000e+00, 0.00000000e+00, 0.00000000e+00, 0.00000000e+00, 7.66419697e+00, -7.66419697e+00, 0.00000000e+00, 0.00000000e+00, 1.54184119e+03, 1.84400574e+03, 9.23834622e-01, 0.00000000e+00, 4.99999942e-03
87, 9.23834622e-01, 0.00000000e+00, -4.99999942e-03, null, 1.78571325e-04, 2.00000000e+00, 9.98200012e+02, 1661, 7.67464519e-01, 3.57143331e+00, 1.00005770e+00, 2.22515643e-01, -1.36860576e-03, 2.22511426e-01, 0.00000000e+00, null, null, 0.00000000e+00, null, 0.00000000e+00, 9.05815735e+01, 8.94184265e+01, 1.00000000e+00, 0.00000000e+00, -1.00000000e+00, 0.00000000e+00, -1.24606470e+03, 9.44198303e+01, 3.62834334e-02, 0.00000000e+00, 0.00000000e+00, 1.32489529e+01, 2.72016019e-01, -1.32461605e+01, 1.50513685e-07, 0.00000000e+00, 0.00000000e+00, 2.88344055e-01, -2.57428885e-01, -1.29894823e-01, -9.13954246e-09, 0.00000000e+00, 0.00000000e+00, 0.00000000e+00, 0.00000000e+00, 0.00000000e+00, 0.00000000e+00, 0.00000000e+00, 1.29887314e+01, 9.13954246e-09, 1.50513685e-07, 1.29887314e+01, 1.42121196e-01, 0.00000000e+00, -3.44527769e+00, 2.49537897e+00, 0.00000000e+00, 0.00000000e+00, 9.15259242e-01, 0.00000000e+00, -1.51685834e+00, 0.00000000e+00, 0.00000000e+00, 0.00000000e+00, 0.00000000e+00, 0.00000000e+00, 0.00000000e+00, 0.00000000e+00, 0.00000000e+00, 0.00000000e+00, 0.00000000e+00, 7.66419697e+00, -7.66419697e+00, 0.00000000e+00, 0.00000000e+00, 1.54184119e+03, 1.84400574e+03, 9.23834622e-01, 0.00000000e+00, -4.99999942e-03
88, 9.59548950e-01, 0.00000000e+00, -4.99999942e-03, null, 1.78571470e-04, 2.00000000e+00, 9.98200012e+02, 1603, 7.72569478e-01, 3.57143331e+00, 1.00004172e+00, 2.14004323e-01, -1.36194180e-03, 2.13999987e-01, 0.00000000e+00, null, null, 0.00000000e+00, null, 0.00000000e+00, 9.05815964e+01, 8.94184036e+01, 1.00000000e+00, 0.00000000e+00, -1.00000000e+00, 0.00000000e+00, -1.19839966e+03, 9.50370560e+01, 3.67634073e-02, 0.00000000e+00, 0.00000000e+00, 1.31219959e+01, 5.38142502e-01, -1.31109562e+01, 5.06109416e-07, 0.00000000e+00, 0.00000000e+00, 4.33352381e-01, -2.77654231e-01, -3.32719713e-01, -1.13352723e-08, 0.00000000e+00, 0.00000000e+00, 0.00000000e+00, 0.00000000e+00, 0.00000000e+00, 0.00000000e+00, 0.00000000e+00, 1.28333015e+01, 1.13352723e-08, 5.06109416e-07, 1.28333015e+01, 2.05422789e-01, 0.00000000e+00, -3.81936312e+00, 2.46239352e+00, 0.00000000e+00, 0.00000000e+00, 1.08444476e+00, 0.00000000e+00, -2.06922150e+00, 0.00000000e+00, 0.00000000e+00, 0.00000000e+00, 0.00000000e+00, 0.00000000e+00, 0.00000000e+00, 0.00000000e+00, 0.00000000e+00, 0.00000000e+00, 0.00000000e+00, 7.62687254e+00, -7.62687254e+00, 0.00000000e+00, 0.00000000e+00, 1.53800171e+03, 1.85588525e+03, 9.59548950e-01, 0.00000000e+00, -4.99999942e-03
89, 9.59548950e-01, 0.00000000e+00, 4.99999942e-03, null, 1.78571470e-04, 2.00000000e+00, 9.98200012e+02, 762, 7.72569478e-01, 3.57143331e+00, 1.00004172e+00, 2.14004323e-01, -1.36194180e-03, 2.13999987e-01, 0.00000000e+00, null, null, 0.00000000e+00, null, 0.00000000e+00, 9.05815964e+01, 8.94184036e+01, 1.00000000e+00, 0.00000000e+00, -1.00000000e+00, 0.00000000e+00, -1.19839966e+03, 9.50370560e+01, 3.67634073e-02, 0.00000000e+00, 0.00000000e+00, 1.31219959e+01, 5.38142502e-01, -1.31109562e+01, 5.06109416e-07, 0.00000000e+00, 0.00000000e+00, 4.33352381e-01, -2.77654231e-01, -3.32719713e-01, -1.13352723e-08, 0.00000000e+00, 0.00000000e+00, 0.00000000e+00, 0.00000000e+00, 0.00000000e+00, 0.00000000e+00, 0.00000000e+00, 1.28333015e+01, 1.13352723e-08, 5.06109416e-07, 1.28333015e+01, 2.05422789e-01, 0.00000000e+00, -3.81936312e+00, 2.46239352e+00, 0.00000000e+00, 0.00000000e+00, 1.08444476e+00, 0.00000000e+00, -2.06922150e+00, 0.00000000e+00, 0.00000000e+00, 0.00000000e+00, 0.00000000e+00, 0.00000000e+00, 0.00000000e+00, 0.00000000e+00, 0.00000000e+00, 0.00000000e+00, 0.00000000e+00, 7.62687254e+00, -7.62687254e+00, 0.00000000e+00, 0.00000000e+00, 1.53800171e+03, 1.85588525e+03, 9.59548950e-01, 0.00000000e+00, 4.99999942e-03
90, 9.95263219e-01, 0.00000000e+00, 4.99999942e-03, null, 1.78571761e-04, 2.00000000e+00, 9.98200012e+02, 821, 7.75587261e-01, 3.57142735e+00, 1.00002956e+00, 2.02308640e-01, -1.34206342e-03, 2.02304199e-01, 0.00000000e+00, null, null, 0.00000000e+00, null, 0.00000000e+00, 9.05816193e+01, 8.94183807e+01, 1.00000000e+00, 0.00000000e+00, -1.00000000e+00, 0.00000000e+00, -1.13290137e+03, 9.53937683e+01, 3.70455794e-02, 0.00000000e+00, 0.00000000e+00, 1.29249153e+01, 8.10175598e-01, -1.28994980e+01, 7.38281969e-08, 0.00000000e+00, 0.00000000e+00, 6.25377893e-01, -2.99858779e-01, -5.48800707e-01, 1.60163438e-08, 0.00000000e+00, 0.00000000e+00, 0.00000000e+00, 0.00000000e+00, 0.00000000e+00, 0.00000000e+00, 0.00000000e+00, 1.25996389e+01, -1.60163438e-08, 7.38281969e-08, 1.25996389e+01, 2.61374891e-01, 0.00000000e+00, -4.31265259e+00, 2.61270213e+00, 0.00000000e+00, 0.00000000e+00, 1.23393393e+00, 0.00000000e+00, -2.98253942e+00, 0.00000000e+00, 0.00000000e+00, 0.00000000e+00, 0.00000000e+00, 0.00000000e+00, 0.00000000e+00, 0.00000000e+00, 0.00000000e+00, 0.00000000e+00, 0.00000000e+00, 7.51554108e+00, -7.51554108e+00, 0.00000000e+00, 0.00000000e+00, 1.52666760e+03, 1.86272949e+03, 9.95263219e-01, 0.00000000e+00, 4.99999942e-03
91, 9.95263219e-01, 0.00000000e+00, -4.99999942e-03, null, 1.78571761e-04, 2.00000000e+00, 9.98200012e+02, 1662, 7.75587261e-01, 3.57142735e+00, 1.00002956e+00, 2.02308640e-01, -1.34206342e-03, 2.02304199e-01, 0.00000000e+00, null, null, 0.00000000e+00, null, 0.00000000e+00, 9.05816193e+01, 8.94183807e+01, 1.00000000e+00, 0.00000000e+00, -1.00000000e+00, 0.00000000e+00, -1.13290137e+03, 9.53937683e+01, 3.70455794e-02, 0.00000000e+00, 0.00000000e+00, 1.29249153e+01, 8.10175598e-01, -1.28994980e+01, 7.38281969e-08, 0.00000000e+00, 0.00000000e+00, 6.25377893e-01, -2.99858779e-01, -5.48800707e-01, 1.60163438e-08, 0.00000000e+00, 0.00000000e+00, 0.00000000e+00, 0.00000000e+00, 0.00000000e+00, 0.00000000e+00, 0.00000000e+00, 1.25996389e+01, -1.60163438e-08, 7.38281969e-08, 1.25996389e+01, 2.61374891e-01, 0.00000000e+00, -4.31265259e+00, 2.61270213e+00, 0.00000000e+00, 0.00000000e+00, 1.23393393e+00, 0.00000000e+00, -2.98253942e+00, 0.00000000e+00, 0.00000000e+00, 0.00000000e+00, 0.00000000e+00, 0.00000000e+00, 0.00000000e+00, 0.00000000e+00, 0.00000000e+00, 0.00000000e+00, 0.00000000e+00, 7.51554108e+00, -7.51554108e+00, 0.00000000e+00, 0.00000000e+00, 1.52666760e+03, 1.86272949e+03, 9.95263219e-01, 0.00000000e+00, -4.99999942e-03
92, 1.03097749e+00, 0.00000000e+00, -4.99999942e-03, null, 1.78571034e-04, 2.00000000e+00, 9.98200012e+02, 1602, 7.76588559e-01, 3.57142735e+00, 1.00001717e+00, 1.86992869e-01, -1.30861579e-03, 1.86988279e-01, 0.00000000e+00, null, null, 0.00000000e+00, null, 0.00000000e+00, 9.05816345e+01, 8.94183731e+01, 1.00000000e+00, 0.00000000e+00, -1.00000000e+00, 0.00000000e+00, -1.04713672e+03, 9.54989243e+01, 3.71345356e-02, 0.00000000e+00, 0.00000000e+00, 1.26494722e+01, 1.11144257e+00, -1.26005487e+01, 7.16921846e-08, 0.00000000e+00, 0.00000000e+00, 8.57117951e-01, -3.39507073e-01, -7.87010849e-01, -1.77901346e-10, 0.00000000e+00, 0.00000000e+00, 0.00000000e+00, 0.00000000e+00, 0.00000000e+00, 0.00000000e+00, 0.00000000e+00, 1.22610416e+01, 1.77901346e-10, 7.16921846e-08, 1.22610416e+01, 3.24431717e-01, 0.00000000e+00, -5.15269279e+00, 3.08376813e+00, 0.00000000e+00, 0.00000000e+00, 1.41638494e+00, 0.00000000e+00, -5.09273672e+00, 0.00000000e+00, 0.00000000e+00, 0.00000000e+00, 0.00000000e+00, 0.00000000e+00, 0.00000000e+00, 0.00000000e+00, 0.00000000e+00, 0.00000000e+00, 0.00000000e+00, 7.32826471e+00, -7.32826471e+00, 0.00000000e+00, 0.00000000e+00, 1.50746252e+03, 1.86469763e+03, 1.03097749e+00, 0.00000000e+00, -4.99999942e-03
93, 1.03097749e+00, 0.00000000e+00, 4.99999942e-03, null, 1.78571034e-04, 2.00000000e+00, 9.98200012e+02, 761, 7.76588559e-01, 3.57142735e+00, 1.00001717e+00, 1.86992869e-01, -1.30861579e-03, 1.86988279e-01, 0.00000000e+00, null, null, 0.00000000e+00, null, 0.00000000e+00, 9.05816345e+01, 8.94183731e+01, 1.00000000e+00, 0.00000000e+00, -1.00000000e+00, 0.00000000e+00, -1.04713672e+03, 9.54989243e+01, 3.71345356e-02, 0.00000000e+00, 0.00000000e+00, 1.26494722e+01, 1.11144257e+00, -1.26005487e+01, 7.16921846e-08, 0.00000000e+00, 0.00000000e+00, 8.57117951e-01, -3.39507073e-01, -7.87010849e-01, -1.77901346e-10, 0.00000000e+00, 0.00000000e+00, 0.00000000e+00, 0.00000000e+00, 0.00000000e+00, 0.00000000e+00, 0.00000000e+00, 1.22610416e+01, 1.77901346e-10, 7.16921846e-08, 1.22610416e+01, 3.24431717e-01, 0.00000000e+00, -5.15269279e+00, 3.08376813e+00, 0.00000000e+00, 0.00000000e+00, 1.41638494e+00, 0.00000000e+00, -5.09273672e+00, 0.00000000e+00, 0.00000000e+00, 0.00000000e+00, 0.00000000e+00, 0.00000000e+00, 0.00000000e+00, 0.00000000e+00, 0.00000000e+00, 0.00000000e+00, 0.00000000e+00, 7.32826471e+00, -7.32826471e+00, 0.00000000e+00, 0.00000000e+00, 1.50746252e+03, 1.86469763e+03, 1.03097749e+00, 0.00000000e+00, 4.99999942e-03
94, 1.06669176e+00, 0.00000000e+00, 4.99999942e-03, null, 1.78571616e-04, 2.00000000e+00, 9.98200012e+02, 822, 7.75530279e-01, 3.57142735e+00, 1.00001884e+00, 1.67655066e-01, -1.26037316e-03, 1.67650327e-01, 0.00000000e+00, null, null, 0.00000000e+00, null, 0.00000000e+00, 9.05816422e+01, 8.94183578e+01, 1.00000000e+00, 0.00000000e+00, -1.00000000e+00, 0.00000000e+00, -9.38840820e+02, 9.53467712e+01, 3.70252877e-02, 0.00000000e+00, 0.00000000e+00, 1.22865534e+01, 1.46868646e+00, -1.21984568e+01, -7.24042266e-08, 0.00000000e+00, 0.00000000e+00, 1.14057803e+00, -4.07705456e-01, -1.06522036e+00, -5.46585390e-08, 0.00000000e+00, 0.00000000e+00, 0.00000000e+00, 0.00000000e+00, 0.00000000e+00, 0.00000000e+00, 0.00000000e+00, 1.17907515e+01, 5.46585390e-08, -7.24042266e-08, 1.17907515e+01, 4.03466105e-01, 0.00000000e+00, -6.53785181e+00, 4.02529955e+00, 0.00000000e+00, 0.00000000e+00, 1.65804696e+00, 0.00000000e+00, -1.04144535e+01, 0.00000000e+00, 0.00000000e+00, 0.00000000e+00, 0.00000000e+00, 0.00000000e+00, 0.00000000e+00, 0.00000000e+00, 0.00000000e+00, 0.00000000e+00, 0.00000000e+00, 7.05808210e+00, -7.05808210e+00, 0.00000000e+00, 0.00000000e+00, 1.47933948e+03, 1.86166870e+03, 1.06669176e+00, 0.00000000e+00, 4.99999942e-03
95, 1.06669176e+00, 0.00000000e+00, -4.99999942e-03, null, 1.78571616e-04, 2.00000000e+00, 9.98200012e+02, 1663, 7.75530279e-01, 3.57142735e+00, 1.00001884e+00, 1.67655066e-01, -1.26037316e-03, 1.67650327e-01, 0.00000000e+00, null, null, 0.00000000e+00, null, 0.00000000e+00, 9.05816422e+01, 8.94183578e+01, 1.00000000e+00, 0.00000000e+00, -1.00000000e+00, 0.00000000e+00, -9.38840820e+02, 9.53467712e+01, 3.70252877e-02, 0.00000000e+00, 0.00000000e+00, 1.22865534e+01, 1.46868646e+00, -1.21984568e+01, -7.24042266e-08, 0.00000000e+00, 0.00000000e+00, 1.14057803e+00, -4.07705456e-01, -1.06522036e+00, -5.46585390e-08, 0.00000000e+00, 0.00000000e+00, 0.00000000e+00, 0.00000000e+00, 0.00000000e+00, 0.00000000e+00, 0.00000000e+00, 1.17907515e+01, 5.46585390e-08, -7.24042266e-08, 1.17907515e+01, 4.03466105e-01, 0.00000000e+00, -6.53785181e+00, 4.02529955e+00, 0.00000000e+00, 0.00000000e+00, 1.65804696e+00, 0.00000000e+00, -1.04144535e+01, 0.00000000e+00, 0.00000000e+00, 0.00000000e+00, 0.00000000e+00, 0.00000000e+00, 0.00000000e+00, 0.00000000e+00, 0.00000000e+00, 0.00000000e+00, 0.00000000e+00, 7.05808210e+00, -7.05808210e+00, 0.00000000e+00, 0.00000000e+00, 1.47933948e+03, 1.86166870e+03, 1.06669176e+00, 0.00000000e+00, -4.99999942e-03
96, 1.10240602e+00, 0.00000000e+00, -4.99999942e-03, null, 1.78571325e-04, 2.00000000e+00, 9.98200012e+02, 1601, 7.72029221e-01, 3.57143927e+00, 1.00000536e+00, 1.43931255e-01, -1.19447301e-03, 1.43926293e-01, 0.00000000e+00, null, null, 0.00000000e+00, null, 0.00000000e+00, 9.05816498e+01, 8.94183502e+01, 1.00000000e+00, 0.00000000e+00, -1.00000000e+00, 0.00000000e+00, -8.05987671e+02, 9.48895798e+01, 3.66821736e-02, 0.00000000e+00, 0.00000000e+00, 1.18311882e+01, 1.91924000e+00, -1.16744814e+01, 0.00000000e+00, 0.00000000e+00, 0.00000000e+00, 1.49965572e+00, -5.13674200e-01, -1.40893793e+00, -3.62022163e-08, 0.00000000e+00, 0.00000000e+00, 0.00000000e+00, 0.00000000e+00, 0.00000000e+00, 0.00000000e+00, 0.00000000e+00, 1.11608076e+01, 3.62022163e-08, 0.00000000e+00, 1.11608076e+01, 5.10302067e-01, 0.00000000e+00, -8.70096970e+00, 5.60749531e+00, 0.00000000e+00, 0.00000000e+00, 1.98312736e+00, 0.00000000e+00, -2.45797005e+01, 0.00000000e+00, 0.00000000e+00, 0.00000000e+00, 0.00000000e+00, 0.00000000e+00, 0.00000000e+00, 0.00000000e+00, 0.00000000e+00, 0.00000000e+00, 0.00000000e+00, 6.68905258e+00, -6.68905258e+00, 0.00000000e+00, 0.00000000e+00, 1.44003833e+03, 1.85270203e+03, 1.10240602e+00, 0.00000000e+00, -4.99999942e-03
97, 1.10240602e+00, 0.00000000e+00, 4.99999942e-03, null, 1.78571325e-04, 2.00000000e+00, 9.98200012e+02, 760, 7.72029221e-01, 3.57143927e+00, 1.00000536e+00, 1.43931255e-01, -1.19447301e-03, 1.43926293e-01, 0.00000000e+00, null, null, 0.00000000e+00, null, 0.00000000e+00, 9.05816498e+01, 8.94183502e+01, 1.00000000e+00, 0.00000000e+00, -1.00000000e+00, 0.00000000e+00, -8.05987671e+02, 9.48895798e+01, 3.66821736e-02, 0.00000000e+00, 0.00000000e+00, 1.18311882e+01, 1.91924000e+00, -1.16744814e+01, 0.00000000e+00, 0.00000000e+00, 0.00000000e+00, 1.49965572e+00, -5.13674200e-01, -1.40893793e+00, -3.62022163e-08, 0.00000000e+00, 0.00000000e+00, 0.00000000e+00, 0.00000000e+00, 0.00000000e+00, 0.00000000e+00, 0.00000000e+00, 1.11608076e+01, 3.62022163e-08, 0.00000000e+00, 1.11608076e+01, 5.10302067e-01, 0.00000000e+00, -8.70096970e+00, 5.60749531e+00, 0.00000000e+00, 0.00000000e+00, 1.98312736e+00, 0.00000000e+00, -2.45797005e+01, 0.00000000e+00, 0.00000000e+00, 0.00000000e+00, 0.00000000e+00, 0.00000000e+00, 0.00000000e+00, 0.00000000e+00, 0.00000000e+00, 0.00000000e+00, 0.00000000e+00, 6.68905258e+00, -6.68905258e+00, 0.00000000e+00, 0.00000000e+00, 1.44003833e+03, 1.85270203e+03, 1.10240602e+00, 0.00000000e+00, 4.99999942e-03
98, 1.13812041e+00, 0.00000000e+00, 4.99999942e-03, null, 1.78571616e-04, 2.00000000e+00, 9.98200012e+02, 823, 7.64754593e-01, 3.57143927e+00, 1.00000787e+00, 1.15490578e-01, -1.10555266e-03, 1.15485288e-01, 0.00000000e+00, null, null, 0.00000000e+00, null, 0.00000000e+00, 9.05816574e+01, 8.94183426e+01, 1.00000000e+00, 0.00000000e+00, -1.00000000e+00, 0.00000000e+00, -6.46716919e+02, 9.39634399e+01, 3.59835960e-02, 0.00000000e+00, 0.00000000e+00, 1.12814064e+01, 2.49721003e+00, -1.10015488e+01, 0.00000000e+00, 0.00000000e+00, 0.00000000e+00, 1.96761131e+00, -6.62546277e-01, -1.85270798e+00, 7.31151957e-08, 0.00000000e+00, 0.00000000e+00, 0.00000000e+00, 0.00000000e+00, 0.00000000e+00, 0.00000000e+00, 0.00000000e+00, 1.03390026e+01, -7.31151957e-08, 0.00000000e+00, 1.03390026e+01, 6.44502044e-01, 0.00000000e+00, -1.19156361e+01, 8.11168575e+00, 0.00000000e+00, 0.00000000e+00, 2.39192820e+00, 0.00000000e+00, -6.32057304e+01, 0.00000000e+00, 0.00000000e+00, 0.00000000e+00, 0.00000000e+00, 0.00000000e+00, 0.00000000e+00, 0.00000000e+00, 0.00000000e+00, 0.00000000e+00, 0.00000000e+00, 6.19108868e+00, -6.19108868e+00, 0.00000000e+00, 0.00000000e+00, 1.38519275e+03, 1.83459290e+03, 1.13812041e+00, 0.00000000e+00, 4.99999942e-03
99, 1.13812041e+00, 0.00000000e+00, -4.99999942e-03, null, 1.78571616e-04, 2.00000000e+00, 9.98200012e+02, 1664, 7.64754593e-01, 3.57143927e+00, 1.00000787e+00, 1.15490578e-01, -1.10555266e-03, 1.15485288e-01, 0.00000000e+00, null, null, 0.00000000e+00, null, 0.00000000e+00, 9.05816574e+01, 8.94183426e+01, 1.00000000e+00, 0.00000000e+00, -1.00000000e+00, 0.00000000e+00, -6.46716919e+02, 9.39634399e+01, 3.59835960e-02, 0.00000000e+00, 0.00000000e+00, 1.12814064e+01, 2.49721003e+00, -1.10015488e+01, 0.00000000e+00, 0.00000000e+00, 0.00000000e+00, 1.96761131e+00, -6.62546277e-01, -1.85270798e+00, 7.31151957e-08, 0.00000000e+00, 0.00000000e+00, 0.00000000e+00, 0.00000000e+00, 0.00000000e+00, 0.00000000e+00, 0.00000000e+00, 1.03390026e+01, -7.31151957e-08, 0.00000000e+00, 1.03390026e+01, 6.44502044e-01, 0.00000000e+00, -1.19156361e+01, 8.11168575e+00, 0.00000000e+00, 0.00000000e+00, 2.39192820e+00, 0.00000000e+00, -6.32057304e+01, 0.00000000e+00, 0.00000000e+00, 0.00000000e+00, 0.00000000e+00, 0.00000000e+00, 0.00000000e+00, 0.00000000e+00, 0.00000000e+00, 0.00000000e+00, 0.00000000e+00, 6.19108868e+00, -6.19108868e+00, 0.00000000e+00, 0.00000000e+00, 1.38519275e+03, 1.83459290e+03, 1.13812041e+00, 0.00000000e+00, -4.99999942e-03
100, 1.17383468e+00, 0.00000000e+00, -4.99999942e-03, null, 1.78571616e-04, 2.00000000e+00, 9.98200012e+02, 1600, 7.50297427e-01, 3.57142735e+00, 1.00000954e+00, 8.24894458e-02, -9.86344065e-04, 8.24835524e-02, 0.00000000e+00, null, null, 0.00000000e+00, null, 0.00000000e+00, 9.05816574e+01, 8.94183426e+01, 1.00000000e+00, 0.00000000e+00, -1.00000000e+00, 0.00000000e+00, -4.61907410e+02, 9.21518402e+01, 3.46278399e-02, 0.00000000e+00, 0.00000000e+00, 1.06332722e+01, 3.22626066e+00, -1.01320143e+01, 3.10739438e-07, 0.00000000e+00, 0.00000000e+00, 2.57688522e+00, -8.47996294e-01, -2.43335986e+00, 1.08961622e-07, 0.00000000e+00, 0.00000000e+00, 0.00000000e+00, 0.00000000e+00, 0.00000000e+00, 0.00000000e+00, 0.00000000e+00, 9.28401756e+00, -1.08961622e-07, 3.10739438e-07, 9.28401756e+00, 7.92900801e-01, 0.00000000e+00, -1.64425640e+01, 1.18596325e+01, 0.00000000e+00, 0.00000000e+00, 2.86206937e+00, 0.00000000e+00, -1.66217407e+02, 0.00000000e+00, 0.00000000e+00, 0.00000000e+00, 0.00000000e+00, 0.00000000e+00, 0.00000000e+00, 0.00000000e+00, 0.00000000e+00, 0.00000000e+00, 0.00000000e+00, 5.52352095e+00, -5.52352095e+00, 0.00000000e+00, 0.00000000e+00, 1.30794031e+03, 1.79920203e+03, 1.17383468e+00, 0.00000000e+00, -4.99999942e-03
101, 1.17383468e+00, 0.00000000e+00, 4.99999942e-03, null, 1.78571616e-04, 2.00000000e+00, 9.98200012e+02, 759, 7.50297427e-01, 3.57142735e+00, 1.00000954e+00, 8.24894458e-02, -9.86344065e-04, 8.24835524e-02, 0.00000000e+00, null, null, 0.00000000e+00, null, 0.00000000e+00, 9.05816574e+01, 8.94183426e+01, 1.00000000e+00, 0.00000000e+00, -1.00000000e+00, 0.00000000e+00, -4.61907410e+02, 9.21518402e+01, 3.46278399e-02, 0.00000000e+00, 0.00000000e+00, 1.06332722e+01, 3.22626066e+00, -1.01320143e+01, 3.10739438e-07, 0.00000000e+00, 0.00000000e+00, 2.57688522e+00, -8.47996294e-01, -2.43335986e+00, 1.08961622e-07, 0.00000000e+00, 0.00000000e+00, 0.00000000e+00, 0.00000000e+00, 0.00000000e+00, 0.00000000e+00, 0.00000000e+00, 9.28401756e+00, -1.08961622e-07, 3.10739438e-07, 9.28401756e+00, 7.92900801e-01, 0.00000000e+00, -1.64425640e+01, 1.18596325e+01, 0.00000000e+00, 0.00000000e+00, 2.86206937e+00, 0.00000000e+00, -1.66217407e+02, 0.00000000e+00, 0.00000000e+00, 0.00000000e+00, 0.00000000e+00, 0.00000000e+00, 0.00000000e+00, 0.00000000e+00, 0.00000000e+00, 0.00000000e+00, 0.00000000e+00, 5.52352095e+00, -5.52352095e+00, 0.00000000e+00, 0.00000000e+00, 1.30794031e+03, 1.79920203e+03, 1.17383468e+00, 0.00000000e+00, 4.99999942e-03
102, 1.20954895e+00, 0.00000000e+00, 4.99999942e-03, null, 1.78570728e-04, 2.00000000e+00, 9.98200012e+02, 824, 7.23719597e-01, 3.57142735e+00, 1.00356030e+00, 4.60873246e-02, -8.29881581e-04, 4.60798517e-02, 0.00000000e+00, null, null, 0.00000000e+00, null, 0.00000000e+00, 9.05816650e+01, 8.94183426e+01, 1.00000000e+00, 0.00000000e+00, -1.00000000e+00, 0.00000000e+00, -2.58048187e+02, 8.86633759e+01, 3.21503654e-02, 0.00000000e+00, 0.00000000e+00, 9.91143227e+00, 4.17931414e+00, -8.98720360e+00, 3.08070639e-07, 0.00000000e+00, 0.00000000e+00, 3.32399249e+00, -1.03684616e+00, -3.15814424e+00, 3.62436055e-08, 0.00000000e+00, 0.00000000e+00, 0.00000000e+00, 0.00000000e+00, 0.00000000e+00, 0.00000000e+00, 0.00000000e+00, 7.95035744e+00, -3.62436055e-08, 3.08070639e-07, 7.95035744e+00, 1.02116990e+00, 0.00000000e+00, -2.25172234e+01, 1.66958485e+01, 0.00000000e+00, 0.00000000e+00, 3.48089433e+00, 0.00000000e+00, -4.27740173e+02, 0.00000000e+00, 0.00000000e+00, 0.00000000e+00, 0.00000000e+00, 0.00000000e+00, 0.00000000e+00, 0.00000000e+00, 0.00000000e+00, 0.00000000e+00, 0.00000000e+00, 4.64735508e+00, -4.64735508e+00, 0.00000000e+00, 0.00000000e+00, 1.19994751e+03, 1.73467468e+03, 1.20954895e+00, 0.00000000e+00, 4.99999942e-03
103, 1.20954895e+00, 0.00000000e+00, -4.99999942e-03, null, 1.78570728e-04, 2.00000000e+00, 9.98200012e+02, 1665, 7.23719597e-01, 3.57142735e+00, 1.00356030e+00, 4.60873246e-02, -8.29881581e-04, 4.60798517e-02, 0.00000000e+00, null, null, 0.00000000e+00, null, 0.00000000e+00, 9.05816650e+01, 8.94183426e+01, 1.00000000e+00, 0.00000000e+00, -1.00000000e+00, 0.00000000e+00, -2.58048187e+02, 8.86633759e+01, 3.21503654e-02, 0.00000000e+00, 0.00000000e+00, 9.91143227e+00, 4.17931414e+00, -8.98720360e+00, 3.08070639e-07, 0.00000000e+00, 0.00000000e+00, 3.32399249e+00, -1.03684616e+00, -3.15814424e+00, 3.62436055e-08, 0.00000000e+00, 0.00000000e+00, 0.00000000e+00, 0.00000000e+00, 0.00000000e+00, 0.00000000e+00, 0.00000000e+00, 7.95035744e+00, -3.62436055e-08, 3.08070639e-07, 7.95035744e+00, 1.02116990e+00, 0.00000000e+00, -2.25172234e+01, 1.66958485e+01, 0.00000000e+00, 0.00000000e+00, 3.48089433e+00, 0.00000000e+00, -4.27740173e+02, 0.00000000e+00, 0.00000000e+00, 0.00000000e+00, 0.00000000e+00, 0.00000000e+00, 0.00000000e+00, 0.00000000e+00, 0.00000000e+00, 0.00000000e+00, 0.00000000e+00, 4.64735508e+00, -4.64735508e+00, 0.00000000e+00, 0.00000000e+00, 1.19994751e+03, 1.73467468e+03, 1.20954895e+00, 0.00000000e+00, -4.99999942e-03
104, 1.24526322e+00, 0.00000000e+00, -4.99999942e-03, null, 1.78571921e-04, 2.00000000e+00, 9.98200012e+02, 1599, 6.78857565e-01, 3.57142735e+00, 1.00283957e+00, 7.40135787e-03, -6.32347364e-04, 7.37429550e-03, 0.00000000e+00, null, null, 0.00000000e+00, null, 0.00000000e+00, 9.03351822e+01, 8.96648178e+01, 1.00000000e+00, 0.00000000e+00, -1.00000000e+00, 0.00000000e+00, -4.12959404e+01, 8.28843384e+01, 2.82780081e-02, 0.00000000e+00, 0.00000000e+00, 9.19458103e+00, 5.36651134e+00, -7.46598196e+00, -1.45796733e-07, 0.00000000e+00, 0.00000000e+00, 4.14084053e+00, -1.20102549e+00, -3.96283960e+00, 0.00000000e+00, 0.00000000e+00, 0.00000000e+00, 0.00000000e+00, 0.00000000e+00, 0.00000000e+00, 0.00000000e+00, 0.00000000e+00, 6.26495647e+00, 0.00000000e+00, -1.45796733e-07, 6.26495647e+00, 1.40367174e+00, 0.00000000e+00, -3.02334595e+01, 2.22814541e+01, 0.00000000e+00, 0.00000000e+00, 4.32544613e+00, 0.00000000e+00, -1.04020361e+03, 0.00000000e+00, 0.00000000e+00, 0.00000000e+00, 0.00000000e+00, 0.00000000e+00, 0.00000000e+00, 0.00000000e+00, 0.00000000e+00, 0.00000000e+00, 0.00000000e+00, 3.54113531e+00, -3.54113531e+00, 0.00000000e+00, 0.00000000e+00, 1.04751416e+03, 1.62955090e+03, 1.24526322e+00, 0.00000000e+00, -4.99999942e-03
105, 1.24526322e+00, 0.00000000e+00, 4.99999942e-03, null, 1.78571921e-04, 2.00000000e+00, 9.98200012e+02, 758, 6.78857565e-01, 3.57142735e+00, 1.00283957e+00, 7.40135787e-03, -6.32347364e-04, 7.37429550e-03, 0.00000000e+00, null, null, 0.00000000e+00, null, 0.00000000e+00, 9.03351822e+01, 8.96648178e+01, 1.00000000e+00, 0.00000000e+00, -1.00000000e+00, 0.00000000e+00, -4.12959404e+01, 8.28843384e+01, 2.82780081e-02, 0.00000000e+00, 0.00000000e+00, 9.19458103e+00, 5.36651134e+00, -7.46598196e+00, -1.45796733e-07, 0.00000000e+00, 0.00000000e+00, 4.14084053e+00, -1.20102549e+00, -3.96283960e+00, 0.00000000e+00, 0.00000000e+00, 0.00000000e+00, 0.00000000e+00, 0.00000000e+00, 0.00000000e+00, 0.00000000e+00, 0.00000000e+00, 6.26495647e+00, 0.00000000e+00, -1.45796733e-07, 6.26495647e+00, 1.40367174e+00, 0.00000000e+00, -3.02334595e+01, 2.22814541e+01, 0.00000000e+00, 0.00000000e+00, 4.32544613e+00, 0.00000000e+00, -1.04020361e+03, 0.00000000e+00, 0.00000000e+00, 0.00000000e+00, 0.00000000e+00, 0.00000000e+00, 0.00000000e+00, 0.00000000e+00, 0.00000000e+00, 0.00000000e+00, 0.00000000e+00, 3.54113531e+00, -3.54113531e+00, 0.00000000e+00, 0.00000000e+00, 1.04751416e+03, 1.62955090e+03, 1.24526322e+00, 0.00000000e+00, 4.99999942e-03
106, 1.28097749e+00, 0.00000000e+00, 4.99999942e-03, null, 1.78571034e-04, 2.00000000e+00, 9.98200012e+02, 825, 5.93417645e-01, 3.57142735e+00, 1.00078809e+00, 2.93637142e-02, -4.06379579e-04, -2.93609016e-02, 0.00000000e+00, null, null, 0.00000000e+00, null, 0.00000000e+00, 9.00899048e+01, 8.99101028e+01, 1.00000000e+00, 0.00000000e+00, -1.00000000e+00, 0.00000000e+00, 1.64421417e+02, 7.52394257e+01, 2.34646760e-02, 0.00000000e+00, 0.00000000e+00, 8.09161854e+00, 5.84617805e+00, -5.59432650e+00, -7.26495983e-08, 0.00000000e+00, 0.00000000e+00, 4.82960558e+00, -1.19301569e+00, -4.67993641e+00, 1.45592523e-07, 0.00000000e+00, 0.00000000e+00, 0.00000000e+00, 0.00000000e+00, 0.00000000e+00, 0.00000000e+00, 0.00000000e+00, 4.40131092e+00, -1.45592523e-07, -7.26495983e-08, 4.40131092e+00, 1.16624165e+00, 0.00000000e+00, -3.40338593e+01, 2.74105301e+01, 0.00000000e+00, 0.00000000e+00, 4.15427732e+00, 0.00000000e+00, -1.47464465e+03, 0.00000000e+00, 0.00000000e+00, 0.00000000e+00, 0.00000000e+00, 0.00000000e+00, 0.00000000e+00, 0.00000000e+00, 0.00000000e+00, 0.00000000e+00, 0.00000000e+00, 2.27573061e+00, -2.27573061e+00, 0.00000000e+00, 0.00000000e+00, 8.35974121e+02, 1.48628650e+03, 1.28097749e+00, 0.00000000e+00, 4.99999942e-03
107, 1.28097749e+00, 0.00000000e+00, -4.99999942e-03, null, 1.78571034e-04, 2.00000000e+00, 9.98200012e+02, 1666, 5.93417645e-01, 3.57142735e+00, 1.00078809e+00, 2.93637142e-02, -4.06379579e-04, -2.93609016e-02, 0.00000000e+00, null, null, 0.00000000e+00, null, 0.00000000e+00, 9.00899048e+01, 8.99101028e+01, 1.00000000e+00, 0.00000000e+00, -1.00000000e+00, 0.00000000e+00, 1.64421417e+02, 7.52394257e+01, 2.34646760e-02, 0.00000000e+00, 0.00000000e+00, 8.09161854e+00, 5.84617805e+00, -5.59432650e+00, -7.26495983e-08, 0.00000000e+00, 0.00000000e+00, 4.82960558e+00, -1.19301569e+00, -4.67993641e+00, 1.45592523e-07, 0.00000000e+00, 0.00000000e+00, 0.00000000e+00, 0.00000000e+00, 0.00000000e+00, 0.00000000e+00, 0.00000000e+00, 4.40131092e+00, -1.45592523e-07, -7.26495983e-08, 4.40131092e+00, 1.16624165e+00, 0.00000000e+00, -3.40338593e+01, 2.74105301e+01, 0.00000000e+00, 0.00000000e+00, 4.15427732e+00, 0.00000000e+00, -1.47464465e+03, 0.00000000e+00, 0.00000000e+00, 0.00000000e+00, 0.00000000e+00, 0.00000000e+00, 0.00000000e+00, 0.00000000e+00, 0.00000000e+00, 0.00000000e+00, 0.00000000e+00, 2.27573061e+00, -2.27573061e+00, 0.00000000e+00, 0.00000000e+00, 8.35974121e+02, 1.48628650e+03, 1.28097749e+00, 0.00000000e+00, -4.99999942e-03
108, 1.31669176e+00, 0.00000000e+00, -4.99999942e-03, null, 1.78571616e-04, 2.00000000e+00, 9.98200012e+02, 1598, 5.36353827e-01, 3.57142735e+00, 1.00220621e+00, 5.10434881e-02, -2.19930065e-04, -5.10430150e-02, 0.00000000e+00, null, null, 0.00000000e+00, null, 0.00000000e+00, 9.00448532e+01, 8.99551468e+01, 1.00000000e+00, 0.00000000e+00, -1.00000000e+00, 0.00000000e+00, 2.85840576e+02, 6.77964325e+01, 1.91410743e-02, 0.00000000e+00, 0.00000000e+00, 6.08279419e+00, 4.95991516e+00, -3.52131033e+00, 7.27835570e-08, 0.00000000e+00, 0.00000000e+00, 4.58370638e+00, 4.86990452e-01, -4.55776310e+00, 1.45567114e-07, 0.00000000e+00, 0.00000000e+00, 0.00000000e+00, 0.00000000e+00, 0.00000000e+00, 0.00000000e+00, 0.00000000e+00, 4.00830078e+00, -1.45567114e-07, 7.27835570e-08, 4.00830078e+00, 4.02152061e-01, 0.00000000e+00, -2.08912754e+01, 1.89634552e+01, 0.00000000e+00, 0.00000000e+00, 2.37284136e+00, 0.00000000e+00, -3.38353516e+02, 0.00000000e+00, 0.00000000e+00, 0.00000000e+00, 0.00000000e+00, 0.00000000e+00, 0.00000000e+00, 0.00000000e+00, 0.00000000e+00, 0.00000000e+00, 0.00000000e+00, 1.23160708e+00, -1.23160708e+00, 0.00000000e+00, 0.00000000e+00, 6.14759644e+02, 1.34473840e+03, 1.31669176e+00, 0.00000000e+00, -4.99999942e-03
109, 1.31669176e+00, 0.00000000e+00, 4.99999942e-03, null, 1.78571616e-04, 2.00000000e+00, 9.98200012e+02, 757, 5.36353827e-01, 3.57142735e+00, 1.00220621e+00, 5.10434881e-02, -2.19930065e-04, -5.10430150e-02, 0.00000000e+00, null, null, 0.00000000e+00, null, 0.00000000e+00, 9.00448532e+01, 8.99551468e+01, 1.00000000e+00, 0.00000000e+00, -1.00000000e+00, 0.00000000e+00, 2.85840576e+02, 6.77964325e+01, 1.91410743e-02, 0.00000000e+00, 0.00000000e+00, 6.08279419e+00, 4.95991516e+00, -3.52131033e+00, 7.27835570e-08, 0.00000000e+00, 0.00000000e+00, 4.58370638e+00, 4.86990452e-01, -4.55776310e+00, 1.45567114e-07, 0.00000000e+00, 0.00000000e+00, 0.00000000e+00, 0.00000000e+00, 0.00000000e+00, 0.00000000e+00, 0.00000000e+00, 4.00830078e+00, -1.45567114e-07, 7.27835570e-08, 4.00830078e+00, 4.02152061e-01, 0.00000000e+00, -2.08912754e+01, 1.89634552e+01, 0.00000000e+00, 0.00000000e+00, 2.37284136e+00, 0.00000000e+00, -3.38353516e+02, 0.00000000e+00, 0.00000000e+00, 0.00000000e+00, 0.00000000e+00, 0.00000000e+00, 0.00000000e+00, 0.00000000e+00, 0.00000000e+00, 0.00000000e+00, 0.00000000e+00, 1.23160708e+00, -1.23160708e+00, 0.00000000e+00, 0.00000000e+00, 6.14759644e+02, 1.34473840e+03, 1.31669176e+00, 0.00000000e+00, 4.99999942e-03
110, 1.35240602e+00, 0.00000000e+00, 4.99999942e-03, null, 1.78571063e-04, 1.00000000e+00, 9.98200012e+02, 826, 5.36854446e-01, 3.57142925e+00, 1.00000000e+00, 3.95015143e-02, 2.78511699e-02, -2.80121770e-02, 0.00000000e+00, null, null, 0.00000000e+00, null, 0.00000000e+00, 9.00000000e+01, 9.00000000e+01, 9.99999940e-01, 7.07108140e-01, -7.07105398e-01, 0.00000000e+00, 3.12774323e+02, 6.44952850e+01, 1.73417497e-02, 0.00000000e+00, 0.00000000e+00, 4.89078045e+00, 4.23209000e+00, -2.45135593e+00, 0.00000000e+00, 0.00000000e+00, 0.00000000e+00, 4.62359571e+00, 2.08481932e+00, -4.12688303e+00, 0.00000000e+00, 0.00000000e+00, 0.00000000e+00, 0.00000000e+00, 0.00000000e+00, 0.00000000e+00, 0.00000000e+00, 0.00000000e+00, 4.53617525e+00, 0.00000000e+00, 0.00000000e+00, 4.53617525e+00, 1.05206966e-01, 0.00000000e+00, -1.23547058e+01, 1.19201069e+01, 0.00000000e+00, 0.00000000e+00, 1.23632073e+00, 0.00000000e+00, -6.98603516e+01, 0.00000000e+00, 0.00000000e+00, 0.00000000e+00, 0.00000000e+00, 0.00000000e+00, 0.00000000e+00, 0.00000000e+00, 0.00000000e+00, 0.00000000e+00, 0.00000000e+00, 6.39434874e-01, -4.20595318e-01, -4.81639445e-01, 0.00000000e+00, 5.33743225e+02, 1.28319287e+03, 1.35240602e+00, 0.00000000e+00, 4.99999942e-03
111, 1.35240602e+00, 0.00000000e+00, -4.99999942e-03, null, 1.78571063e-04, 1.00000000e+00, 9.98200012e+02, 1667, 5.36854446e-01, 3.57142925e+00, 1.00000000e+00, 3.95015143e-02, 2.78511699e-02, -2.80121770e-02, 0.00000000e+00, null, null, 0.00000000e+00, null, 0.00000000e+00, 9.00000000e+01, 9.00000000e+01, 9.99999940e-01, 7.07108140e-01, -7.07105398e-01, 0.00000000e+00, 3.12774323e+02, 6.44952850e+01, 1.73417497e-02, 0.00000000e+00, 0.00000000e+00, 4.89078045e+00, 4.23209000e+00, -2.45135593e+00, 0.00000000e+00, 0.00000000e+00, 0.00000000e+00, 4.62359571e+00, 2.08481932e+00, -4.12688303e+00, 0.00000000e+00, 0.00000000e+00, 0.00000000e+00, 0.00000000e+00, 0.00000000e+00, 0.00000000e+00, 0.00000000e+00, 0.00000000e+00, 4.53617525e+00, 0.00000000e+00, 0.00000000e+00, 4.53617525e+00, 1.05206966e-01, 0.00000000e+00, -1.23547058e+01, 1.19201069e+01, 0.00000000e+00, 0.00000000e+00, 1.23632073e+00, 0.00000000e+00, -6.98603516e+01, 0.00000000e+00, 0.00000000e+00, 0.00000000e+00, 0.00000000e+00, 0.00000000e+00, 0.00000000e+00, 0.00000000e+00, 0.00000000e+00, 0.00000000e+00, 0.00000000e+00, 6.39434874e-01, -4.20595318e-01, -4.81639445e-01, 0.00000000e+00, 5.33743225e+02, 1.28319287e+03, 1.35240602e+00, 0.00000000e+00, -4.99999942e-03
112, 3.52406085e-01, 9.28571403e-01, 4.99999942e-03, null, 1.78571470e-04, 2.00000000e+00, 9.98200012e+02, 827, 5.33301830e-01, 3.57143331e+00, 1.00126374e+00, 5.10397889e-02, 5.10391146e-02, 2.62280257e-04, 0.00000000e+00, null, null, 0.00000000e+00, null, 0.00000000e+00, 9.02894669e+01, 8.97105331e+01, 1.00000000e+00, -1.00000000e+00, 0.00000000e+00, 0.00000000e+00, -2.85818970e+02, 6.47467346e+01, 1.73454750e-02, 0.00000000e+00, 0.00000000e+00, 3.19683838e+00, 3.03269124e+00, 1.01121712e+00, -1.45107009e-07, 0.00000000e+00, 0.00000000e+00, 5.13505363e+00, 4.07292700e+00, -3.12730622e+00, 1.45107009e-07, 0.00000000e+00, 0.00000000e+00, 0.00000000e+00, 0.00000000e+00, 0.00000000e+00, 0.00000000e+00, 0.00000000e+00, 3.06170988e+00, -1.45107009e-07, -1.45107009e-07, 3.06170988e+00, -9.46149826e-02, 0.00000000e+00, -1.36027679e+01, 1.32293930e+01, 0.00000000e+00, 0.00000000e+00, -1.22882044e+00, 0.00000000e+00, -9.32372665e+01, 0.00000000e+00, 0.00000000e+00, 0.00000000e+00, 0.00000000e+00, 0.00000000e+00, 0.00000000e+00, 0.00000000e+00, 0.00000000e+00, 0.00000000e+00, 0.00000000e+00, 1.46876907e+00, 0.00000000e+00, 1.46876907e+00, 0.00000000e+00, 6.76497498e+02, 1.27678760e+03, 3.52406085e-01, 9.28571403e-01, 4.99999942e-03
113, 3.52406085e-01, 9.28571403e-01, -4.99999942e-03, null, 1.78571470e-04, 2.00000000e+00, 9.98200012e+02, 1668, 5.33301830e-01, 3.57143331e+00, 1.00126374e+00, 5.10397889e-02, 5.10391146e-02, 2.62280257e-04, 0.00000000e+00, null, null, 0.00000000e+00, null, 0.00000000e+00, 9.02894669e+01, 8.97105331e+01, 1.00000000e+00, -1.00000000e+00, 0.00000000e+00, 0.00000000e+00, -2.85818970e+02, 6.47467346e+01, 1.73454750e-02, 0.00000000e+00, 0.00000000e+00, 3.19683838e+00, 3.03269124e+00, 1.01121712e+00, -1.45107009e-07, 0.00000000e+00, 0.00000000e+00, 5.13505363e+00, 4.07292700e+00, -3.12730622e+00, 1.45107009e-07, 0.00000000e+00, 0.00000000e+00, 0.00000000e+00, 0.00000000e+00, 0.00000000e+00, 0.00000000e+00, 0.00000000e+00, 3.06170988e+00, -1.45107009e-07, -1.45107009e-07, 3.06170988e+00, -9.46149826e-02, 0.00000000e+00, -1.36027679e+01, 1.32293930e+01, 0.00000000e+00, 0.00000000e+00, -1.22882044e+00, 0.00000000e+00, -9.32372665e+01, 0.00000000e+00, 0.00000000e+00, 0.00000000e+00, 0.00000000e+00, 0.00000000e+00, 0.00000000e+00, 0.00000000e+00, 0.00000000e+00, 0.00000000e+00, 0.00000000e+00, 1.46876907e+00, 0.00000000e+00, 1.46876907e+00, 0.00000000e+00, 6.76497498e+02, 1.27678760e+03, 3.52406085e-01, 9.28571403e-01, -4.99999942e-03
114, 3.52406085e-01, 8.92857134e-01, -4.99999942e-03, null, 1.78571325e-04, 2.00000000e+00, 9.98200012e+02, 1624, 5.22696316e-01, 3.57142735e+00, 1.00126660e+00, 6.49777725e-02, 6.49768040e-02, 3.54601885e-04, 0.00000000e+00, null, null, 0.00000000e+00, null, 0.00000000e+00, 9.03621902e+01, 8.96378021e+01, 1.00000000e+00, -1.00000000e+00, 0.00000000e+00, 0.00000000e+00, -3.63870300e+02, 6.37762413e+01, 1.67166628e-02, 0.00000000e+00, 0.00000000e+00, 2.87053156e+00, 2.87045002e+00, 2.16354206e-02, 7.30103196e-08, 0.00000000e+00, 0.00000000e+00, 6.95312119e+00, 5.78101063e+00, -3.86339402e+00, -2.92041278e-07, 0.00000000e+00, 0.00000000e+00, 0.00000000e+00, 0.00000000e+00, 0.00000000e+00, 0.00000000e+00, 0.00000000e+00, 5.75937510e+00, 2.92041278e-07, 7.30103196e-08, 5.75937510e+00, -9.92944002e-01, 0.00000000e+00, -1.12147541e+01, 7.29455423e+00, 0.00000000e+00, 0.00000000e+00, -2.80470967e+00, 0.00000000e+00, -5.33884468e+01, 0.00000000e+00, 0.00000000e+00, 0.00000000e+00, 0.00000000e+00, 0.00000000e+00, 0.00000000e+00, 0.00000000e+00, 0.00000000e+00, 0.00000000e+00, 0.00000000e+00, 1.98577178e+00, 0.00000000e+00, 1.98577178e+00, 0.00000000e+00, 7.85097168e+02, 1.25372534e+03, 3.52406085e-01, 8.92857134e-01, -4.99999942e-03
115, 3.52406085e-01, 8.92857134e-01, 4.99999942e-03, null, 1.78571325e-04, 2.00000000e+00, 9.98200012e+02, 783, 5.22696316e-01, 3.57142735e+00, 1.00126660e+00, 6.49777725e-02, 6.49768040e-02, 3.54601885e-04, 0.00000000e+00, null, null, 0.00000000e+00, null, 0.00000000e+00, 9.03621902e+01, 8.96378021e+01, 1.00000000e+00, -1.00000000e+00, 0.00000000e+00, 0.00000000e+00, -3.63870300e+02, 6.37762413e+01, 1.67166628e-02, 0.00000000e+00, 0.00000000e+00, 2.87053156e+00, 2.87045002e+00, 2.16354206e-02, 7.30103196e-08, 0.00000000e+00, 0.00000000e+00, 6.95312119e+00, 5.78101063e+00, -3.86339402e+00, -2.92041278e-07, 0.00000000e+00, 0.00000000e+00, 0.00000000e+00, 0.00000000e+00, 0.00000000e+00, 0.00000000e+00, 0.00000000e+00, 5.75937510e+00, 2.92041278e-07, 7.30103196e-08, 5.75937510e+00, -9.92944002e-01, 0.00000000e+00, -1.12147541e+01, 7.29455423e+00, 0.00000000e+00, 0.00000000e+00, -2.80470967e+00, 0.00000000e+00, -5.33884468e+01, 0.00000000e+00, 0.00000000e+00, 0.00000000e+00, 0.00000000e+00, 0.00000000e+00, 0.00000000e+00, 0.00000000e+00, 0.00000000e+00, 0.00000000e+00, 0.00000000e+00, 1.98577178e+00, 0.00000000e+00, 1.98577178e+00, 0.00000000e+00, 7.85097168e+02, 1.25372534e+03, 3.52406085e-01, 8.92857134e-01, 4.99999942e-03
116, 3.52406085e-01, 8.57142866e-01, 4.99999942e-03, null, 1.78571325e-04, 2.00000000e+00, 9.98200012e+02, 828, 5.56710124e-01, 3.57142735e+00, 1.00063491e+00, 8.42904449e-02, 8.42891335e-02, 4.70379920e-04, 0.00000000e+00, null, null, 0.00000000e+00, null, 0.00000000e+00, 9.04351044e+01, 8.95648956e+01, 1.00000000e+00, -1.00000000e+00, 0.00000000e+00, 0.00000000e+00, -4.72019409e+02, 6.81132736e+01, 1.89962462e-02, 0.00000000e+00, 0.00000000e+00, 2.81388235e+00, 2.79292774e+00, 3.42765540e-01, -5.60910651e-10, 0.00000000e+00, 0.00000000e+00, 8.11224651e+00, 7.27541733e+00, -3.58843231e+00, 2.24364261e-09, 0.00000000e+00, 0.00000000e+00, 0.00000000e+00, 0.00000000e+00, 0.00000000e+00, 0.00000000e+00, 0.00000000e+00, 6.93265200e+00, -2.24364261e-09, -5.60910651e-10, 6.93265200e+00, -7.95504570e-01, 0.00000000e+00, -1.25159941e+01, 8.87965393e+00, 0.00000000e+00, 0.00000000e+00, -2.64182472e+00, 0.00000000e+00, -7.35338974e+01, 0.00000000e+00, 0.00000000e+00, 0.00000000e+00, 0.00000000e+00, 0.00000000e+00, 0.00000000e+00, 0.00000000e+00, 0.00000000e+00, 0.00000000e+00, 0.00000000e+00, 2.63412905e+00, 0.00000000e+00, 2.63412905e+00, 0.00000000e+00, 9.04115417e+02, 1.33626208e+03, 3.52406085e-01, 8.57142866e-01, 4.99999942e-03
117, 3.52406085e-01, 8.57142866e-01, -4.99999942e-03, null, 1.78571325e-04, 2.00000000e+00, 9.98200012e+02, 1669, 5.56710124e-01, 3.57142735e+00, 1.00063491e+00, 8.42904449e-02, 8.42891335e-02, 4.70379920e-04, 0.00000000e+00, null, null, 0.00000000e+00, null, 0.00000000e+00, 9.04351044e+01, 8.95648956e+01, 1.00000000e+00, -1.00000000e+00, 0.00000000e+00, 0.00000000e+00, -4.72019409e+02, 6.81132736e+01, 1.89962462e-02, 0.00000000e+00, 0.00000000e+00, 2.81388235e+00, 2.79292774e+00, 3.42765540e-01, -5.60910651e-10, 0.00000000e+00, 0.00000000e+00, 8.11224651e+00, 7.27541733e+00, -3.58843231e+00, 2.24364261e-09, 0.00000000e+00, 0.00000000e+00, 0.00000000e+00, 0.00000000e+00, 0.00000000e+00, 0.00000000e+00, 0.00000000e+00, 6.93265200e+00, -2.24364261e-09, -5.60910651e-10, 6.93265200e+00, -7.95504570e-01, 0.00000000e+00, -1.25159941e+01, 8.87965393e+00, 0.00000000e+00, 0.00000000e+00, -2.64182472e+00, 0.00000000e+00, -7.35338974e+01, 0.00000000e+00, 0.00000000e+00, 0.00000000e+00, 0.00000000e+00, 0.00000000e+00, 0.00000000e+00, 0.00000000e+00, 0.00000000e+00, 0.00000000e+00, 0.00000000e+00, 2.63412905e+00, 0.00000000e+00, 2.63412905e+00, 0.00000000e+00, 9.04115417e+02, 1.33626208e+03, 3.52406085e-01, 8.57142866e-01, -4.99999942e-03
118, 3.52406085e-01, 8.21428597e-01, -4.99999942e-03, null, 1.78571325e-04, 2.00000000e+00, 9.98200012e+02, 1623, 5.80862164e-01, 3.57143331e+00, 1.00063217e+00, 1.06142782e-01, 1.06141165e-01, 5.86421171e-04, 0.00000000e+00, null, null, 0.00000000e+00, null, 0.00000000e+00, 9.04717255e+01, 8.95282745e+01, 1.00000000e+00, -1.00000000e+00, 0.00000000e+00, 0.00000000e+00, -5.94390869e+02, 7.12251053e+01, 2.07209736e-02, 0.00000000e+00, 0.00000000e+00, 2.59044385e+00, 2.54335523e+00, 4.91674542e-01, -7.24568991e-08, 0.00000000e+00, 0.00000000e+00, 9.07942009e+00, 8.46343422e+00, -3.28727078e+00, 2.89827597e-07, 0.00000000e+00, 0.00000000e+00, 0.00000000e+00, 0.00000000e+00, 0.00000000e+00, 0.00000000e+00, 0.00000000e+00, 7.97175980e+00, -2.89827597e-07, -7.24568991e-08, 7.97175980e+00, -7.43915558e-01, 0.00000000e+00, -1.25219536e+01, 8.82392406e+00, 0.00000000e+00, 0.00000000e+00, -2.57138419e+00, 0.00000000e+00, -7.35232162e+01, 0.00000000e+00, 0.00000000e+00, 0.00000000e+00, 0.00000000e+00, 0.00000000e+00, 0.00000000e+00, 0.00000000e+00, 0.00000000e+00, 0.00000000e+00, 0.00000000e+00, 3.28396034e+00, 0.00000000e+00, 3.28396034e+00, 0.00000000e+00, 1.00977405e+03, 1.39529810e+03, 3.52406085e-01, 8.21428597e-01, -4.99999942e-03
119, 3.52406085e-01, 8.21428597e-01, 4.99999942e-03, null, 1.78571325e-04, 2.00000000e+00, 9.98200012e+02, 782, 5.80862164e-01, 3.57143331e+00, 1.00063217e+00, 1.06142782e-01, 1.06141165e-01, 5.86421171e-04, 0.00000000e+00, null, null, 0.00000000e+00, null, 0.00000000e+00, 9.04717255e+01, 8.95282745e+01, 1.00000000e+00, -1.00000000e+00, 0.00000000e+00, 0.00000000e+00, -5.94390869e+02, 7.12251053e+01, 2.07209736e-02, 0.00000000e+00, 0.00000000e+00, 2.59044385e+00, 2.54335523e+00, 4.91674542e-01, -7.24568991e-08, 0.00000000e+00, 0.00000000e+00, 9.07942009e+00, 8.46343422e+00, -3.28727078e+00, 2.89827597e-07, 0.00000000e+00, 0.00000000e+00, 0.00000000e+00, 0.00000000e+00, 0.00000000e+00, 0.00000000e+00, 0.00000000e+00, 7.97175980e+00, -2.89827597e-07, -7.24568991e-08, 7.97175980e+00, -7.43915558e-01, 0.00000000e+00, -1.25219536e+01, 8.82392406e+00, 0.00000000e+00, 0.00000000e+00, -2.57138419e+00, 0.00000000e+00, -7.35232162e+01, 0.00000000e+00, 0.00000000e+00, 0.00000000e+00, 0.00000000e+00, 0.00000000e+00, 0.00000000e+00, 0.00000000e+00, 0.00000000e+00, 0.00000000e+00, 0.00000000e+00, 3.28396034e+00, 0.00000000e+00, 3.28396034e+00, 0.00000000e+00, 1.00977405e+03, 1.39529810e+03, 3.52406085e-01, 8.21428597e-01, 4.99999942e-03
120, 3.52406085e-01, 9.64285731e-01, 4.99999942e-03, null, 1.78571616e-04, 2.00000000e+00, 9.98200012e+02, 784, 1.31844747e+00, 3.57143331e+00, 1.00252426e+00, 4.07737084e-02, 4.07707654e-02, 4.90020087e-04, 0.00000000e+00, null, null, 0.00000000e+00, null, 0.00000000e+00, 9.01442795e+01, 8.98557281e+01, 1.00000000e+00, -1.00000000e+00, 0.00000000e+00, 0.00000000e+00, -2.28316040e+02, 1.59165375e+02, 1.39734998e-01, 0.00000000e+00, 0.00000000e+00, 4.27281837e+01, 9.00274181e+00, 4.17689896e+01, -1.45813303e-07, 0.00000000e+00, 0.00000000e+00, 3.40478086e+00, 2.55215168e+00, -2.25367570e+00, 1.45813303e-07, 0.00000000e+00, 0.00000000e+00, 0.00000000e+00, 0.00000000e+00, 0.00000000e+00, 0.00000000e+00, 0.00000000e+00, 3.92168388e+01, -1.45813303e-07, -1.45813303e-07, -3.92168388e+01, 6.74906635e+00, 0.00000000e+00, -1.26890060e+02, 6.82121026e-13, 0.00000000e+00, 0.00000000e+00, 1.29726305e+01, 0.00000000e+00, -8.24599453e+04, 0.00000000e+00, 0.00000000e+00, 0.00000000e+00, 0.00000000e+00, 0.00000000e+00, 0.00000000e+00, 0.00000000e+00, 0.00000000e+00, 0.00000000e+00, 0.00000000e+00, 2.74410963e+00, 0.00000000e+00, 2.74410963e+00, 0.00000000e+00, 8.91671753e+02, 3.15347192e+03, 3.52406085e-01, 9.64285731e-01, 4.99999942e-03
121, 3.52406085e-01, 9.64285731e-01, -4.99999942e-03, null, 1.78571616e-04, 2.00000000e+00, 9.98200012e+02, 1625, 1.31844747e+00, 3.57143331e+00, 1.00252426e+00, 4.07737084e-02, 4.07707654e-02, 4.90020087e-04, 0.00000000e+00, null, null, 0.00000000e+00, null, 0.00000000e+00, 9.01442795e+01, 8.98557281e+01, 1.00000000e+00, -1.00000000e+00, 0.00000000e+00, 0.00000000e+00, -2.28316040e+02, 1.59165375e+02, 1.39734998e-01, 0.00000000e+00, 0.00000000e+00, 4.27281837e+01, 9.00274181e+00, 4.17689896e+01, -1.45813303e-07, 0.00000000e+00, 0.00000000e+00, 3.40478086e+00, 2.55215168e+00, -2.25367570e+00, 1.45813303e-07, 0.00000000e+00, 0.00000000e+00, 0.00000000e+00, 0.00000000e+00, 0.00000000e+00, 0.00000000e+00, 0.00000000e+00, 3.92168388e+01, -1.45813303e-07, -1.45813303e-07, -3.92168388e+01, 6.74906635e+00, 0.00000000e+00, -1.26890060e+02, 6.82121026e-13, 0.00000000e+00, 0.00000000e+00, 1.29726305e+01, 0.00000000e+00, -8.24599453e+04, 0.00000000e+00, 0.00000000e+00, 0.00000000e+00, 0.00000000e+00, 0.00000000e+00, 0.00000000e+00, 0.00000000e+00, 0.00000000e+00, 0.00000000e+00, 0.00000000e+00, 2.74410963e+00, 0.00000000e+00, 2.74410963e+00, 0.00000000e+00, 8.91671753e+02, 3.15347192e+03, 3.52406085e-01, 9.64285731e-01, -4.99999942e-03
122, 3.52406085e-01, 7.85714269e-01, 4.99999942e-03, null, 1.78571616e-04, 2.00000000e+00, 9.98200012e+02, 829, 6.00054979e-01, 3.57143331e+00, 1.00031686e+00, 1.28823996e-01, 1.28822133e-01, 6.91555731e-04, 0.00000000e+00, null, null, 0.00000000e+00, null, 0.00000000e+00, 9.05083847e+01, 8.94916077e+01, 1.00000000e+00, -1.00000000e+00, 0.00000000e+00, 0.00000000e+00, -7.21403198e+02, 7.36986694e+01, 2.21455693e-02, 0.00000000e+00, 0.00000000e+00, 2.28134298e+00, 2.22674847e+00, 4.96101707e-01, 3.65386015e-08, 0.00000000e+00, 0.00000000e+00, 9.87091827e+00, 9.46035385e+00, -2.81721997e+00, -5.48079015e-07, 0.00000000e+00, 0.00000000e+00, 0.00000000e+00, 0.00000000e+00, 0.00000000e+00, 0.00000000e+00, 0.00000000e+00, 8.96425247e+00, 5.48079015e-07, 3.65386015e-08, 8.96425247e+00, -5.90471506e-01, 0.00000000e+00, -1.09665375e+01, 7.84567785e+00, 0.00000000e+00, 0.00000000e+00, -2.25313234e+00, 0.00000000e+00, -4.92360382e+01, 0.00000000e+00, 0.00000000e+00, 0.00000000e+00, 0.00000000e+00, 0.00000000e+00, 0.00000000e+00, 0.00000000e+00, 0.00000000e+00, 0.00000000e+00, 0.00000000e+00, 3.87270808e+00, 0.00000000e+00, 3.87270808e+00, 0.00000000e+00, 1.09648584e+03, 1.44226599e+03, 3.52406085e-01, 7.85714269e-01, 4.99999942e-03
123, 3.52406085e-01, 7.85714269e-01, -4.99999942e-03, null, 1.78571616e-04, 2.00000000e+00, 9.98200012e+02, 1670, 6.00054979e-01, 3.57143331e+00, 1.00031686e+00, 1.28823996e-01, 1.28822133e-01, 6.91555731e-04, 0.00000000e+00, null, null, 0.00000000e+00, null, 0.00000000e+00, 9.05083847e+01, 8.94916077e+01, 1.00000000e+00, -1.00000000e+00, 0.00000000e+00, 0.00000000e+00, -7.21403198e+02, 7.36986694e+01, 2.21455693e-02, 0.00000000e+00, 0.00000000e+00, 2.28134298e+00, 2.22674847e+00, 4.96101707e-01, 3.65386015e-08, 0.00000000e+00, 0.00000000e+00, 9.87091827e+00, 9.46035385e+00, -2.81721997e+00, -5.48079015e-07, 0.00000000e+00, 0.00000000e+00, 0.00000000e+00, 0.00000000e+00, 0.00000000e+00, 0.00000000e+00, 0.00000000e+00, 8.96425247e+00, 5.48079015e-07, 3.65386015e-08, 8.96425247e+00, -5.90471506e-01, 0.00000000e+00, -1.09665375e+01, 7.84567785e+00, 0.00000000e+00, 0.00000000e+00, -2.25313234e+00, 0.00000000e+00, -4.92360382e+01, 0.00000000e+00, 0.00000000e+00, 0.00000000e+00, 0.00000000e+00, 0.00000000e+00, 0.00000000e+00, 0.00000000e+00, 0.00000000e+00, 0.00000000e+00, 0.00000000e+00, 3.87270808e+00, 0.00000000e+00, 3.87270808e+00, 0.00000000e+00, 1.09648584e+03, 1.44226599e+03, 3.52406085e-01, 7.85714269e-01, -4.99999942e-03
124, 3.52406085e-01, 7.50000000e-01, -4.99999942e-03, null, 1.78571179e-04, 2.00000000e+00, 9.98200012e+02, 1622, 6.15059257e-01, 3.57142735e+00, 1.00031686e+00, 1.50406644e-01, 1.50404602e-01, 7.84196192e-04, 0.00000000e+00, null, null, 0.00000000e+00, null, 0.00000000e+00, 9.05266953e+01, 8.94733047e+01, 1.00000000e+00, -1.00000000e+00, 0.00000000e+00, 0.00000000e+00, -8.42266968e+02, 7.56328125e+01, 2.32931077e-02, 0.00000000e+00, 0.00000000e+00, 1.95602238e+00, 1.89996731e+00, 4.64917094e-01, -3.68734945e-08, 0.00000000e+00, 0.00000000e+00, 1.05577593e+01, 1.02874956e+01, -2.37354636e+00, -5.43228452e-07, 0.00000000e+00, 0.00000000e+00, 0.00000000e+00, 0.00000000e+00, 0.00000000e+00, 0.00000000e+00, 0.00000000e+00, 9.82257843e+00, 5.43228452e-07, -3.68734945e-08, 9.82257843e+00, -4.73579049e-01, 0.00000000e+00, -9.29249382e+00, 6.66484976e+00, 0.00000000e+00, 0.00000000e+00, -1.96473777e+00, 0.00000000e+00, -2.98982353e+01, 0.00000000e+00, 0.00000000e+00, 0.00000000e+00, 0.00000000e+00, 0.00000000e+00, 0.00000000e+00, 0.00000000e+00, 0.00000000e+00, 0.00000000e+00, 0.00000000e+00, 4.39150476e+00, 0.00000000e+00, 4.39150476e+00, 0.00000000e+00, 1.16752698e+03, 1.47904773e+03, 3.52406085e-01, 7.50000000e-01, -4.99999942e-03
125, 3.52406085e-01, 7.50000000e-01, 4.99999942e-03, null, 1.78571179e-04, 2.00000000e+00, 9.98200012e+02, 781, 6.15059257e-01, 3.57142735e+00, 1.00031686e+00, 1.50406644e-01, 1.50404602e-01, 7.84196192e-04, 0.00000000e+00, null, null, 0.00000000e+00, null, 0.00000000e+00, 9.05266953e+01, 8.94733047e+01, 1.00000000e+00, -1.00000000e+00, 0.00000000e+00, 0.00000000e+00, -8.42266968e+02, 7.56328125e+01, 2.32931077e-02, 0.00000000e+00, 0.00000000e+00, 1.95602238e+00, 1.89996731e+00, 4.64917094e-01, -3.68734945e-08, 0.00000000e+00, 0.00000000e+00, 1.05577593e+01, 1.02874956e+01, -2.37354636e+00, -5.43228452e-07, 0.00000000e+00, 0.00000000e+00, 0.00000000e+00, 0.00000000e+00, 0.00000000e+00, 0.00000000e+00, 0.00000000e+00, 9.82257843e+00, 5.43228452e-07, -3.68734945e-08, 9.82257843e+00, -4.73579049e-01, 0.00000000e+00, -9.29249382e+00, 6.66484976e+00, 0.00000000e+00, 0.00000000e+00, -1.96473777e+00, 0.00000000e+00, -2.98982353e+01, 0.00000000e+00, 0.00000000e+00, 0.00000000e+00, 0.00000000e+00, 0.00000000e+00, 0.00000000e+00, 0.00000000e+00, 0.00000000e+00, 0.00000000e+00, 0.00000000e+00, 4.39150476e+00, 0.00000000e+00, 4.39150476e+00, 0.00000000e+00, 1.16752698e+03, 1.47904773e+03, 3.52406085e-01, 7.50000000e-01, 4.99999942e-03
126, 3.52406085e-01, 7.14285731e-01, 4.99999942e-03, null, 1.78571616e-04, 2.00000000e+00, 9.98200012e+02, 830, 6.26996636e-01, 3.57143331e+00, 1.00015807e+00, 1.69936106e-01, 1.69933915e-01, 8.62555462e-04, 0.00000000e+00, null, null, 0.00000000e+00, null, 0.00000000e+00, 9.05449066e+01, 8.94550934e+01, 1.00000000e+00, -1.00000000e+00, 0.00000000e+00, 0.00000000e+00, -9.51628906e+02, 7.71690140e+01, 2.42263824e-02, 0.00000000e+00, 0.00000000e+00, 1.64000309e+00, 1.58560395e+00, 4.18891847e-01, -7.24230134e-08, 0.00000000e+00, 0.00000000e+00, 1.11561117e+01, 1.09848881e+01, -1.94706511e+00, -5.48221202e-08, 0.00000000e+00, 0.00000000e+00, 0.00000000e+00, 0.00000000e+00, 0.00000000e+00, 0.00000000e+00, 0.00000000e+00, 1.05659962e+01, 5.48221202e-08, -7.24230134e-08, 1.05659962e+01, -3.61461163e-01, 0.00000000e+00, -7.68875408e+00, 5.59644318e+00, 0.00000000e+00, 0.00000000e+00, -1.66989017e+00, 0.00000000e+00, -1.69061699e+01, 0.00000000e+00, 0.00000000e+00, 0.00000000e+00, 0.00000000e+00, 0.00000000e+00, 0.00000000e+00, 0.00000000e+00, 0.00000000e+00, 0.00000000e+00, 0.00000000e+00, 4.83030558e+00, 0.00000000e+00, 4.83030558e+00, 0.00000000e+00, 1.22433862e+03, 1.50831238e+03, 3.52406085e-01, 7.14285731e-01, 4.99999942e-03
127, 3.52406085e-01, 7.14285731e-01, -4.99999942e-03, null, 1.78571616e-04, 2.00000000e+00, 9.98200012e+02, 1671, 6.26996636e-01, 3.57143331e+00, 1.00015807e+00, 1.69936106e-01, 1.69933915e-01, 8.62555462e-04, 0.00000000e+00, null, null, 0.00000000e+00, null, 0.00000000e+00, 9.05449066e+01, 8.94550934e+01, 1.00000000e+00, -1.00000000e+00, 0.00000000e+00, 0.00000000e+00, -9.51628906e+02, 7.71690140e+01, 2.42263824e-02, 0.00000000e+00, 0.00000000e+00, 1.64000309e+00, 1.58560395e+00, 4.18891847e-01, -7.24230134e-08, 0.00000000e+00, 0.00000000e+00, 1.11561117e+01, 1.09848881e+01, -1.94706511e+00, -5.48221202e-08, 0.00000000e+00, 0.00000000e+00, 0.00000000e+00, 0.00000000e+00, 0.00000000e+00, 0.00000000e+00, 0.00000000e+00, 1.05659962e+01, 5.48221202e-08, -7.24230134e-08, 1.05659962e+01, -3.61461163e-01, 0.00000000e+00, -7.68875408e+00, 5.59644318e+00, 0.00000000e+00, 0.00000000e+00, -1.66989017e+00, 0.00000000e+00, -1.69061699e+01, 0.00000000e+00, 0.00000000e+00, 0.00000000e+00, 0.00000000e+00, 0.00000000e+00, 0.00000000e+00, 0.00000000e+00, 0.00000000e+00, 0.00000000e+00, 0.00000000e+00, 4.83030558e+00, 0.00000000e+00, 4.83030558e+00, 0.00000000e+00, 1.22433862e+03, 1.50831238e+03, 3.52406085e-01, 7.14285731e-01, -4.99999942e-03
128, 3.52406085e-01, 6.78571403e-01, -4.99999942e-03, null, 1.78571470e-04, 2.00000000e+00, 9.98200012e+02, 1621, 6.36660039e-01, 3.57143331e+00, 1.00015962e+00, 1.86843112e-01, 1.86840817e-01, 9.27425921e-04, 0.00000000e+00, null, null, 0.00000000e+00, null, 0.00000000e+00, 9.05541611e+01, 8.94458313e+01, 1.00000000e+00, -1.00000000e+00, 0.00000000e+00, 0.00000000e+00, -1.04630835e+03, 7.84078827e+01, 2.49940455e-02, 0.00000000e+00, 0.00000000e+00, 1.34575617e+00, 1.29368985e+00, 3.70710671e-01, -3.65508441e-08, 0.00000000e+00, 0.00000000e+00, 1.16769924e+01, 1.15712996e+01, -1.56753981e+00, 1.87885636e-08, 0.00000000e+00, 0.00000000e+00, 0.00000000e+00, 0.00000000e+00, 0.00000000e+00, 0.00000000e+00, 0.00000000e+00, 1.12005892e+01, -1.87885636e-08, -3.65508441e-08, 1.12005892e+01, -2.73849964e-01, 0.00000000e+00, -6.31751442e+00, 4.67357349e+00, 0.00000000e+00, 0.00000000e+00, -1.41373742e+00, 0.00000000e+00, -9.36616802e+00, 0.00000000e+00, 0.00000000e+00, 0.00000000e+00, 0.00000000e+00, 0.00000000e+00, 0.00000000e+00, 0.00000000e+00, 0.00000000e+00, 0.00000000e+00, 0.00000000e+00, 5.19358397e+00, 0.00000000e+00, 5.19358397e+00, 0.00000000e+00, 1.26942676e+03, 1.53197546e+03, 3.52406085e-01, 6.78571403e-01, -4.99999942e-03
129, 3.52406085e-01, 6.78571403e-01, 4.99999942e-03, null, 1.78571470e-04, 2.00000000e+00, 9.98200012e+02, 780, 6.36660039e-01, 3.57143331e+00, 1.00015962e+00, 1.86843112e-01, 1.86840817e-01, 9.27425921e-04, 0.00000000e+00, null, null, 0.00000000e+00, null, 0.00000000e+00, 9.05541611e+01, 8.94458313e+01, 1.00000000e+00, -1.00000000e+00, 0.00000000e+00, 0.00000000e+00, -1.04630835e+03, 7.84078827e+01, 2.49940455e-02, 0.00000000e+00, 0.00000000e+00, 1.34575617e+00, 1.29368985e+00, 3.70710671e-01, -3.65508441e-08, 0.00000000e+00, 0.00000000e+00, 1.16769924e+01, 1.15712996e+01, -1.56753981e+00, 1.87885636e-08, 0.00000000e+00, 0.00000000e+00, 0.00000000e+00, 0.00000000e+00, 0.00000000e+00, 0.00000000e+00, 0.00000000e+00, 1.12005892e+01, -1.87885636e-08, -3.65508441e-08, 1.12005892e+01, -2.73849964e-01, 0.00000000e+00, -6.31751442e+00, 4.67357349e+00, 0.00000000e+00, 0.00000000e+00, -1.41373742e+00, 0.00000000e+00, -9.36616802e+00, 0.00000000e+00, 0.00000000e+00, 0.00000000e+00, 0.00000000e+00, 0.00000000e+00, 0.00000000e+00, 0.00000000e+00, 0.00000000e+00, 0.00000000e+00, 0.00000000e+00, 5.19358397e+00, 0.00000000e+00, 5.19358397e+00, 0.00000000e+00, 1.26942676e+03, 1.53197546e+03, 3.52406085e-01, 6.78571403e-01, 4.99999942e-03
130, 3.52406085e-01, 6.42857134e-01, 4.99999942e-03, null, 1.78571325e-04, 2.00000000e+00, 9.98200012e+02, 831, 6.44653738e-01, 3.57142735e+00, 1.00007939e+00, 2.00831920e-01, 2.00829521e-01, 9.80116427e-04, 0.00000000e+00, null, null, 0.00000000e+00, null, 0.00000000e+00, 9.05633316e+01, 8.94366684e+01, 1.00000000e+00, -1.00000000e+00, 0.00000000e+00, 0.00000000e+00, -1.12464600e+03, 7.94276886e+01, 2.56366581e-02, 0.00000000e+00, 0.00000000e+00, 1.07784891e+00, 1.02773309e+00, 3.24842930e-01, -3.62068953e-08, 0.00000000e+00, 0.00000000e+00, 1.21188898e+01, 1.20559635e+01, -1.23338830e+00, 3.58610883e-08, 0.00000000e+00, 0.00000000e+00, 0.00000000e+00, 0.00000000e+00, 0.00000000e+00, 0.00000000e+00, 0.00000000e+00, 1.17311211e+01, -3.58610883e-08, -3.62068953e-08, 1.17311211e+01, -2.05655217e-01, 0.00000000e+00, -5.18388844e+00, 3.91088963e+00, 0.00000000e+00, 0.00000000e+00, -1.19360638e+00, 0.00000000e+00, -5.16997099e+00, 0.00000000e+00, 0.00000000e+00, 0.00000000e+00, 0.00000000e+00, 0.00000000e+00, 0.00000000e+00, 0.00000000e+00, 0.00000000e+00, 0.00000000e+00, 0.00000000e+00, 5.48865509e+00, 0.00000000e+00, 5.48865509e+00, 0.00000000e+00, 1.30488428e+03, 1.55150171e+03, 3.52406085e-01, 6.42857134e-01, 4.99999942e-03
131, 3.52406085e-01, 6.42857134e-01, -4.99999942e-03, null, 1.78571325e-04, 2.00000000e+00, 9.98200012e+02, 1672, 6.44653738e-01, 3.57142735e+00, 1.00007939e+00, 2.00831920e-01, 2.00829521e-01, 9.80116427e-04, 0.00000000e+00, null, null, 0.00000000e+00, null, 0.00000000e+00, 9.05633316e+01, 8.94366684e+01, 1.00000000e+00, -1.00000000e+00, 0.00000000e+00, 0.00000000e+00, -1.12464600e+03, 7.94276886e+01, 2.56366581e-02, 0.00000000e+00, 0.00000000e+00, 1.07784891e+00, 1.02773309e+00, 3.24842930e-01, -3.62068953e-08, 0.00000000e+00, 0.00000000e+00, 1.21188898e+01, 1.20559635e+01, -1.23338830e+00, 3.58610883e-08, 0.00000000e+00, 0.00000000e+00, 0.00000000e+00, 0.00000000e+00, 0.00000000e+00, 0.00000000e+00, 0.00000000e+00, 1.17311211e+01, -3.58610883e-08, -3.62068953e-08, 1.17311211e+01, -2.05655217e-01, 0.00000000e+00, -5.18388844e+00, 3.91088963e+00, 0.00000000e+00, 0.00000000e+00, -1.19360638e+00, 0.00000000e+00, -5.16997099e+00, 0.00000000e+00, 0.00000000e+00, 0.00000000e+00, 0.00000000e+00, 0.00000000e+00, 0.00000000e+00, 0.00000000e+00, 0.00000000e+00, 0.00000000e+00, 0.00000000e+00, 5.48865509e+00, 0.00000000e+00, 5.48865509e+00, 0.00000000e+00, 1.30488428e+03, 1.55150171e+03, 3.52406085e-01, 6.42857134e-01, -4.99999942e-03
132, 3.52406085e-01, 6.07142866e-01, -4.99999942e-03, null, 1.78571325e-04, 2.00000000e+00, 9.98200012e+02, 1620, 6.51423872e-01, 3.57142735e+00, 1.00007844e+00, 2.11639047e-01, 2.11636573e-01, 1.02225307e-03, 0.00000000e+00, null, null, 0.00000000e+00, null, 0.00000000e+00, 9.05679092e+01, 8.94320831e+01, 1.00000000e+00, -1.00000000e+00, 0.00000000e+00, 0.00000000e+00, -1.18516553e+03, 8.02855759e+01, 2.61854790e-02, 0.00000000e+00, 0.00000000e+00, 8.37929904e-01, 7.87224352e-01, 2.87061632e-01, 0.00000000e+00, 0.00000000e+00, 0.00000000e+00, 1.24764996e+01, 1.24412956e+01, -9.36588943e-01, -6.21071365e-07, 0.00000000e+00, 0.00000000e+00, 0.00000000e+00, 0.00000000e+00, 0.00000000e+00, 0.00000000e+00, 0.00000000e+00, 1.21542339e+01, 6.21071365e-07, 0.00000000e+00, 1.21542339e+01, -1.49364591e-01, 0.00000000e+00, -4.30872440e+00, 3.36061835e+00, 0.00000000e+00, 0.00000000e+00, -1.00041819e+00, 0.00000000e+00, -2.96649861e+00, 0.00000000e+00, 0.00000000e+00, 0.00000000e+00, 0.00000000e+00, 0.00000000e+00, 0.00000000e+00, 0.00000000e+00, 0.00000000e+00, 0.00000000e+00, 0.00000000e+00, 5.72462082e+00, 0.00000000e+00, 5.72462082e+00, 0.00000000e+00, 1.33255652e+03, 1.56797803e+03, 3.52406085e-01, 6.07142866e-01, -4.99999942e-03
133, 3.52406085e-01, 6.07142866e-01, 4.99999942e-03, null, 1.78571325e-04, 2.00000000e+00, 9.98200012e+02, 779, 6.51423872e-01, 3.57142735e+00, 1.00007844e+00, 2.11639047e-01, 2.11636573e-01, 1.02225307e-03, 0.00000000e+00, null, null, 0.00000000e+00, null, 0.00000000e+00, 9.05679092e+01, 8.94320831e+01, 1.00000000e+00, -1.00000000e+00, 0.00000000e+00, 0.00000000e+00, -1.18516553e+03, 8.02855759e+01, 2.61854790e-02, 0.00000000e+00, 0.00000000e+00, 8.37929904e-01, 7.87224352e-01, 2.87061632e-01, 0.00000000e+00, 0.00000000e+00, 0.00000000e+00, 1.24764996e+01, 1.24412956e+01, -9.36588943e-01, -6.21071365e-07, 0.00000000e+00, 0.00000000e+00, 0.00000000e+00, 0.00000000e+00, 0.00000000e+00, 0.00000000e+00, 0.00000000e+00, 1.21542339e+01, 6.21071365e-07, 0.00000000e+00, 1.21542339e+01, -1.49364591e-01, 0.00000000e+00, -4.30872440e+00, 3.36061835e+00, 0.00000000e+00, 0.00000000e+00, -1.00041819e+00, 0.00000000e+00, -2.96649861e+00, 0.00000000e+00, 0.00000000e+00, 0.00000000e+00, 0.00000000e+00, 0.00000000e+00, 0.00000000e+00, 0.00000000e+00, 0.00000000e+00, 0.00000000e+00, 0.00000000e+00, 5.72462082e+00, 0.00000000e+00, 5.72462082e+00, 0.00000000e+00, 1.33255652e+03, 1.56797803e+03, 3.52406085e-01, 6.07142866e-01, 4.99999942e-03
134, 3.52406085e-01, 5.71428597e-01, 4.99999942e-03, null, 1.78571325e-04, 2.00000000e+00, 9.98200012e+02, 832, 6.57316625e-01, 3.57143331e+00, 1.00003862e+00, 2.19084755e-01, 2.19082206e-01, 1.05495227e-03, 0.00000000e+00, null, null, 0.00000000e+00, null, 0.00000000e+00, 9.05724945e+01, 8.94275055e+01, 1.00000000e+00, -1.00000000e+00, 0.00000000e+00, 0.00000000e+00, -1.22686108e+03, 8.10262756e+01, 2.66660042e-02, 0.00000000e+00, 0.00000000e+00, 6.23748720e-01, 5.66914797e-01, 2.60134667e-01, -9.13875731e-09, 0.00000000e+00, 0.00000000e+00, 1.27444029e+01, 1.27271385e+01, -6.63131475e-01, -6.75026044e-08, 0.00000000e+00, 0.00000000e+00, 0.00000000e+00, 0.00000000e+00, 0.00000000e+00, 0.00000000e+00, 0.00000000e+00, 1.24670038e+01, 6.75026044e-08, -9.13875731e-09, 1.24670038e+01, -9.62166786e-02, 0.00000000e+00, -3.68670917e+00, 3.06374574e+00, 0.00000000e+00, 0.00000000e+00, -8.11346054e-01, 0.00000000e+00, -1.85705757e+00, 0.00000000e+00, 0.00000000e+00, 0.00000000e+00, 0.00000000e+00, 0.00000000e+00, 0.00000000e+00, 0.00000000e+00, 0.00000000e+00, 0.00000000e+00, 0.00000000e+00, 5.90773630e+00, 0.00000000e+00, 5.90773630e+00, 0.00000000e+00, 1.35363892e+03, 1.58224402e+03, 3.52406085e-01, 5.71428597e-01, 4.99999942e-03
135, 3.52406085e-01, 5.71428597e-01, -4.99999942e-03, null, 1.78571325e-04, 2.00000000e+00, 9.98200012e+02, 1673, 6.57316625e-01, 3.57143331e+00, 1.00003862e+00, 2.19084755e-01, 2.19082206e-01, 1.05495227e-03, 0.00000000e+00, null, null, 0.00000000e+00, null, 0.00000000e+00, 9.05724945e+01, 8.94275055e+01, 1.00000000e+00, -1.00000000e+00, 0.00000000e+00, 0.00000000e+00, -1.22686108e+03, 8.10262756e+01, 2.66660042e-02, 0.00000000e+00, 0.00000000e+00, 6.23748720e-01, 5.66914797e-01, 2.60134667e-01, -9.13875731e-09, 0.00000000e+00, 0.00000000e+00, 1.27444029e+01, 1.27271385e+01, -6.63131475e-01, -6.75026044e-08, 0.00000000e+00, 0.00000000e+00, 0.00000000e+00, 0.00000000e+00, 0.00000000e+00, 0.00000000e+00, 0.00000000e+00, 1.24670038e+01, 6.75026044e-08, -9.13875731e-09, 1.24670038e+01, -9.62166786e-02, 0.00000000e+00, -3.68670917e+00, 3.06374574e+00, 0.00000000e+00, 0.00000000e+00, -8.11346054e-01, 0.00000000e+00, -1.85705757e+00, 0.00000000e+00, 0.00000000e+00, 0.00000000e+00, 0.00000000e+00, 0.00000000e+00, 0.00000000e+00, 0.00000000e+00, 0.00000000e+00, 0.00000000e+00, 0.00000000e+00, 5.90773630e+00, 0.00000000e+00, 5.90773630e+00, 0.00000000e+00, 1.35363892e+03, 1.58224402e+03, 3.52406085e-01, 5.71428597e-01, -4.99999942e-03
136, 3.52406085e-01, 5.35714269e-01, -4.99999942e-03, null, 1.78571616e-04, 2.00000000e+00, 9.98200012e+02, 1619, 6.62625551e-01, 3.57143331e+00, 1.00004089e+00, 2.23037854e-01, 2.23035246e-01, 1.07906375e-03, 0.00000000e+00, null, null, 0.00000000e+00, null, 0.00000000e+00, 9.05748367e+01, 8.94251633e+01, 1.00000000e+00, -1.00000000e+00, 0.00000000e+00, 0.00000000e+00, -1.24899609e+03, 8.16869583e+01, 2.71005128e-02, 0.00000000e+00, 0.00000000e+00, 4.35278982e-01, 3.58707994e-01, 2.46569186e-01, -9.05095021e-09, 0.00000000e+00, 0.00000000e+00, 1.29192896e+01, 1.29130106e+01, -4.02743340e-01, 1.09174584e-06, 0.00000000e+00, 0.00000000e+00, 0.00000000e+00, 0.00000000e+00, 0.00000000e+00, 0.00000000e+00, 0.00000000e+00, 1.26664410e+01, -1.09174584e-06, -9.05095021e-09, 1.26664410e+01, -4.40353453e-02, 0.00000000e+00, -3.32841778e+00, 3.03915930e+00, 0.00000000e+00, 0.00000000e+00, -5.95012546e-01, 0.00000000e+00, -1.36588132e+00, 0.00000000e+00, 0.00000000e+00, 0.00000000e+00, 0.00000000e+00, 0.00000000e+00, 0.00000000e+00, 0.00000000e+00, 0.00000000e+00, 0.00000000e+00, 0.00000000e+00, 6.04275036e+00, 0.00000000e+00, 6.04275036e+00, 0.00000000e+00, 1.36897192e+03, 1.59500500e+03, 3.52406085e-01, 5.35714269e-01, -4.99999942e-03
137, 3.52406085e-01, 5.35714269e-01, 4.99999942e-03, null, 1.78571616e-04, 2.00000000e+00, 9.98200012e+02, 778, 6.62625551e-01, 3.57143331e+00, 1.00004089e+00, 2.23037854e-01, 2.23035246e-01, 1.07906375e-03, 0.00000000e+00, null, null, 0.00000000e+00, null, 0.00000000e+00, 9.05748367e+01, 8.94251633e+01, 1.00000000e+00, -1.00000000e+00, 0.00000000e+00, 0.00000000e+00, -1.24899609e+03, 8.16869583e+01, 2.71005128e-02, 0.00000000e+00, 0.00000000e+00, 4.35278982e-01, 3.58707994e-01, 2.46569186e-01, -9.05095021e-09, 0.00000000e+00, 0.00000000e+00, 1.29192896e+01, 1.29130106e+01, -4.02743340e-01, 1.09174584e-06, 0.00000000e+00, 0.00000000e+00, 0.00000000e+00, 0.00000000e+00, 0.00000000e+00, 0.00000000e+00, 0.00000000e+00, 1.26664410e+01, -1.09174584e-06, -9.05095021e-09, 1.26664410e+01, -4.40353453e-02, 0.00000000e+00, -3.32841778e+00, 3.03915930e+00, 0.00000000e+00, 0.00000000e+00, -5.95012546e-01, 0.00000000e+00, -1.36588132e+00, 0.00000000e+00, 0.00000000e+00, 0.00000000e+00, 0.00000000e+00, 0.00000000e+00, 0.00000000e+00, 0.00000000e+00, 0.00000000e+00, 0.00000000e+00, 0.00000000e+00, 6.04275036e+00, 0.00000000e+00, 6.04275036e+00, 0.00000000e+00, 1.36897192e+03, 1.59500500e+03, 3.52406085e-01, 5.35714269e-01, 4.99999942e-03
138, 3.52406085e-01, 5.00000000e-01, 4.99999942e-03, null, 1.78571325e-04, 2.00000000e+00, 9.98200012e+02, 833, 6.67618990e-01, 3.57143021e+00, 1.00001907e+00, 2.23350525e-01, 2.23347843e-01, 1.09503535e-03, 0.00000000e+00, null, null, 0.00000000e+00, null, 0.00000000e+00, 9.05770798e+01, 8.94229202e+01, 1.00000000e+00, -1.00000000e+00, 0.00000000e+00, 0.00000000e+00, -1.25074866e+03, 8.23014221e+01, 2.75101401e-02, 0.00000000e+00, 0.00000000e+00, 2.94098705e-01, 1.53019562e-01, 2.51155466e-01, -4.56953542e-09, 0.00000000e+00, 0.00000000e+00, 1.30001850e+01, 1.29994726e+01, -1.36172354e-01, 5.06140395e-07, 0.00000000e+00, 0.00000000e+00, 0.00000000e+00, 0.00000000e+00, 0.00000000e+00, 0.00000000e+00, 0.00000000e+00, 1.27483168e+01, -5.06140395e-07, -4.56953542e-09, 1.27483168e+01, 1.68472081e-02, 0.00000000e+00, -3.28572559e+00, 3.17422295e+00, 0.00000000e+00, 0.00000000e+00, 4.25086886e-01, 0.00000000e+00, -1.31383097e+00, 0.00000000e+00, 0.00000000e+00, 0.00000000e+00, 0.00000000e+00, 0.00000000e+00, 0.00000000e+00, 0.00000000e+00, 0.00000000e+00, 0.00000000e+00, 0.00000000e+00, 6.13220167e+00, 0.00000000e+00, 6.13220167e+00, 0.00000000e+00, 1.37903015e+03, 1.60690198e+03, 3.52406085e-01, 5.00000000e-01, 4.99999942e-03
139, 3.52406085e-01, 5.00000000e-01, -4.99999942e-03, null, 1.78571325e-04, 2.00000000e+00, 9.98200012e+02, 1674, 6.67618990e-01, 3.57143021e+00, 1.00001907e+00, 2.23350525e-01, 2.23347843e-01, 1.09503535e-03, 0.00000000e+00, null, null, 0.00000000e+00, null, 0.00000000e+00, 9.05770798e+01, 8.94229202e+01, 1.00000000e+00, -1.00000000e+00, 0.00000000e+00, 0.00000000e+00, -1.25074866e+03, 8.23014221e+01, 2.75101401e-02, 0.00000000e+00, 0.00000000e+00, 2.94098705e-01, 1.53019562e-01, 2.51155466e-01, -4.56953542e-09, 0.00000000e+00, 0.00000000e+00, 1.30001850e+01, 1.29994726e+01, -1.36172354e-01, 5.06140395e-07, 0.00000000e+00, 0.00000000e+00, 0.00000000e+00, 0.00000000e+00, 0.00000000e+00, 0.00000000e+00, 0.00000000e+00, 1.27483168e+01, -5.06140395e-07, -4.56953542e-09, 1.27483168e+01, 1.68472081e-02, 0.00000000e+00, -3.28572559e+00, 3.17422295e+00, 0.00000000e+00, 0.00000000e+00, 4.25086886e-01, 0.00000000e+00, -1.31383097e+00, 0.00000000e+00, 0.00000000e+00, 0.00000000e+00, 0.00000000e+00, 0.00000000e+00, 0.00000000e+00, 0.00000000e+00, 0.00000000e+00, 0.00000000e+00, 0.00000000e+00, 6.13220167e+00, 0.00000000e+00, 6.13220167e+00, 0.00000000e+00, 1.37903015e+03, 1.60690198e+03, 3.52406085e-01, 5.00000000e-01, -4.99999942e-03
140, 3.52406085e-01, 4.64285702e-01, -4.99999942e-03, null, 1.78571470e-04, 2.00000000e+00, 9.98200012e+02, 1618, 6.72556818e-01, 3.57143021e+00, 1.00002038e+00, 2.20106304e-01, 2.20103547e-01, 1.10226870e-03, 0.00000000e+00, null, null, 0.00000000e+00, null, 0.00000000e+00, 9.05782547e+01, 8.94217529e+01, 1.00000000e+00, -1.00000000e+00, 0.00000000e+00, 0.00000000e+00, -1.23257959e+03, 8.29007492e+01, 2.79154833e-02, 0.00000000e+00, 0.00000000e+00, 2.79517949e-01, -6.04334921e-02, 2.72906721e-01, -1.36645211e-08, 0.00000000e+00, 0.00000000e+00, 1.29916611e+01, 1.29907694e+01, 1.52186871e-01, 7.07139958e-10, 0.00000000e+00, 0.00000000e+00, 0.00000000e+00, 0.00000000e+00, 0.00000000e+00, 0.00000000e+00, 0.00000000e+00, 1.27178631e+01, -7.07139958e-10, -1.36645211e-08, 1.27178631e+01, 9.17533785e-02, 0.00000000e+00, -3.55446553e+00, 2.95010304e+00, 0.00000000e+00, 0.00000000e+00, 7.88326204e-01, 0.00000000e+00, -1.66424096e+00, 0.00000000e+00, 0.00000000e+00, 0.00000000e+00, 0.00000000e+00, 0.00000000e+00, 0.00000000e+00, 0.00000000e+00, 0.00000000e+00, 0.00000000e+00, 0.00000000e+00, 6.17270327e+00, 0.00000000e+00, 6.17270327e+00, 0.00000000e+00, 1.38355005e+03, 1.61853711e+03, 3.52406085e-01, 4.64285702e-01, -4.99999942e-03
141, 3.52406085e-01, 4.64285702e-01, 4.99999942e-03, null, 1.78571470e-04, 2.00000000e+00, 9.98200012e+02, 777, 6.72556818e-01, 3.57143021e+00, 1.00002038e+00, 2.20106304e-01, 2.20103547e-01, 1.10226870e-03, 0.00000000e+00, null, null, 0.00000000e+00, null, 0.00000000e+00, 9.05782547e+01, 8.94217529e+01, 1.00000000e+00, -1.00000000e+00, 0.00000000e+00, 0.00000000e+00, -1.23257959e+03, 8.29007492e+01, 2.79154833e-02, 0.00000000e+00, 0.00000000e+00, 2.79517949e-01, -6.04334921e-02, 2.72906721e-01, -1.36645211e-08, 0.00000000e+00, 0.00000000e+00, 1.29916611e+01, 1.29907694e+01, 1.52186871e-01, 7.07139958e-10, 0.00000000e+00, 0.00000000e+00, 0.00000000e+00, 0.00000000e+00, 0.00000000e+00, 0.00000000e+00, 0.00000000e+00, 1.27178631e+01, -7.07139958e-10, -1.36645211e-08, 1.27178631e+01, 9.17533785e-02, 0.00000000e+00, -3.55446553e+00, 2.95010304e+00, 0.00000000e+00, 0.00000000e+00, 7.88326204e-01, 0.00000000e+00, -1.66424096e+00, 0.00000000e+00, 0.00000000e+00, 0.00000000e+00, 0.00000000e+00, 0.00000000e+00, 0.00000000e+00, 0.00000000e+00, 0.00000000e+00, 0.00000000e+00, 0.00000000e+00, 6.17270327e+00, 0.00000000e+00, 6.17270327e+00, 0.00000000e+00, 1.38355005e+03, 1.61853711e+03, 3.52406085e-01, 4.64285702e-01, 4.99999942e-03
142, 3.52406085e-01, 4.28571433e-01, 4.99999942e-03, null, 1.78571470e-04, 2.00000000e+00, 9.98200012e+02, 834, 6.76437080e-01, 3.57143021e+00, 1.00000989e+00, 2.13728338e-01, 2.13725507e-01, 1.09803572e-03, 0.00000000e+00, null, null, 0.00000000e+00, null, 0.00000000e+00, 9.05793762e+01, 8.94206238e+01, 1.00000000e+00, -1.00000000e+00, 0.00000000e+00, 0.00000000e+00, -1.19686255e+03, 8.33639832e+01, 2.82332711e-02, 0.00000000e+00, 0.00000000e+00, 4.15070862e-01, -2.88446248e-01, 2.98467040e-01, -9.05069264e-09, 0.00000000e+00, 0.00000000e+00, 1.29021645e+01, 1.28941574e+01, 4.54469889e-01, 6.57314672e-07, 0.00000000e+00, 0.00000000e+00, 0.00000000e+00, 0.00000000e+00, 0.00000000e+00, 0.00000000e+00, 0.00000000e+00, 1.25956907e+01, -6.57314672e-07, -9.05069264e-09, 1.25956907e+01, 1.66023642e-01, 0.00000000e+00, -3.97957110e+00, 2.89647412e+00, 0.00000000e+00, 0.00000000e+00, 1.01445687e+00, 0.00000000e+00, -2.33827949e+00, 0.00000000e+00, 0.00000000e+00, 0.00000000e+00, 0.00000000e+00, 0.00000000e+00, 0.00000000e+00, 0.00000000e+00, 0.00000000e+00, 0.00000000e+00, 0.00000000e+00, 6.14899826e+00, 0.00000000e+00, 6.14899826e+00, 0.00000000e+00, 1.38086475e+03, 1.62753601e+03, 3.52406085e-01, 4.28571433e-01, 4.99999942e-03
143, 3.52406085e-01, 4.28571433e-01, -4.99999942e-03, null, 1.78571470e-04, 2.00000000e+00, 9.98200012e+02, 1675, 6.76437080e-01, 3.57143021e+00, 1.00000989e+00, 2.13728338e-01, 2.13725507e-01, 1.09803572e-03, 0.00000000e+00, null, null, 0.00000000e+00, null, 0.00000000e+00, 9.05793762e+01, 8.94206238e+01, 1.00000000e+00, -1.00000000e+00, 0.00000000e+00, 0.00000000e+00, -1.19686255e+03, 8.33639832e+01, 2.82332711e-02, 0.00000000e+00, 0.00000000e+00, 4.15070862e-01, -2.88446248e-01, 2.98467040e-01, -9.05069264e-09, 0.00000000e+00, 0.00000000e+00, 1.29021645e+01, 1.28941574e+01, 4.54469889e-01, 6.57314672e-07, 0.00000000e+00, 0.00000000e+00, 0.00000000e+00, 0.00000000e+00, 0.00000000e+00, 0.00000000e+00, 0.00000000e+00, 1.25956907e+01, -6.57314672e-07, -9.05069264e-09, 1.25956907e+01, 1.66023642e-01, 0.00000000e+00, -3.97957110e+00, 2.89647412e+00, 0.00000000e+00, 0.00000000e+00, 1.01445687e+00, 0.00000000e+00, -2.33827949e+00, 0.00000000e+00, 0.00000000e+00, 0.00000000e+00, 0.00000000e+00, 0.00000000e+00, 0.00000000e+00, 0.00000000e+00, 0.00000000e+00, 0.00000000e+00, 0.00000000e+00, 6.14899826e+00, 0.00000000e+00, 6.14899826e+00, 0.00000000e+00, 1.38086475e+03, 1.62753601e+03, 3.52406085e-01, 4.28571433e-01, -4.99999942e-03
144, 3.52406085e-01, 3.92857134e-01, -4.99999942e-03, null, 1.78571325e-04, 2.00000000e+00, 9.98200012e+02, 1617, 6.77967191e-01, 3.57143021e+00, 1.00001037e+00, 2.04359993e-01, 2.04357132e-01, 1.08022557e-03, 0.00000000e+00, null, null, 0.00000000e+00, null, 0.00000000e+00, 9.05799637e+01, 8.94200439e+01, 1.00000000e+00, -1.00000000e+00, 0.00000000e+00, 0.00000000e+00, -1.14440063e+03, 8.35354156e+01, 2.83553787e-02, 0.00000000e+00, 0.00000000e+00, 6.20390713e-01, -5.32171428e-01, 3.18870217e-01, 4.56962690e-09, 0.00000000e+00, 0.00000000e+00, 1.27357616e+01, 1.27129765e+01, 7.61487246e-01, 6.15798342e-07, 0.00000000e+00, 0.00000000e+00, 0.00000000e+00, 0.00000000e+00, 0.00000000e+00, 0.00000000e+00, 0.00000000e+00, 1.23941059e+01, -6.15798342e-07, 4.56962690e-09, 1.23941059e+01, 2.29315817e-01, 0.00000000e+00, -4.45903158e+00, 2.98377585e+00, 0.00000000e+00, 0.00000000e+00, 1.18625200e+00, 0.00000000e+00, -3.29333830e+00, 0.00000000e+00, 0.00000000e+00, 0.00000000e+00, 0.00000000e+00, 0.00000000e+00, 0.00000000e+00, 0.00000000e+00, 0.00000000e+00, 0.00000000e+00, 0.00000000e+00, 6.04926682e+00, 0.00000000e+00, 6.04926682e+00, 0.00000000e+00, 1.36958667e+03, 1.63084998e+03, 3.52406085e-01, 3.92857134e-01, -4.99999942e-03
145, 3.52406085e-01, 3.92857134e-01, 4.99999942e-03, null, 1.78571325e-04, 2.00000000e+00, 9.98200012e+02, 776, 6.77967191e-01, 3.57143021e+00, 1.00001037e+00, 2.04359993e-01, 2.04357132e-01, 1.08022557e-03, 0.00000000e+00, null, null, 0.00000000e+00, null, 0.00000000e+00, 9.05799637e+01, 8.94200439e+01, 1.00000000e+00, -1.00000000e+00, 0.00000000e+00, 0.00000000e+00, -1.14440063e+03, 8.35354156e+01, 2.83553787e-02, 0.00000000e+00, 0.00000000e+00, 6.20390713e-01, -5.32171428e-01, 3.18870217e-01, 4.56962690e-09, 0.00000000e+00, 0.00000000e+00, 1.27357616e+01, 1.27129765e+01, 7.61487246e-01, 6.15798342e-07, 0.00000000e+00, 0.00000000e+00, 0.00000000e+00, 0.00000000e+00, 0.00000000e+00, 0.00000000e+00, 0.00000000e+00, 1.23941059e+01, -6.15798342e-07, 4.56962690e-09, 1.23941059e+01, 2.29315817e-01, 0.00000000e+00, -4.45903158e+00, 2.98377585e+00, 0.00000000e+00, 0.00000000e+00, 1.18625200e+00, 0.00000000e+00, -3.29333830e+00, 0.00000000e+00, 0.00000000e+00, 0.00000000e+00, 0.00000000e+00, 0.00000000e+00, 0.00000000e+00, 0.00000000e+00, 0.00000000e+00, 0.00000000e+00, 0.00000000e+00, 6.04926682e+00, 0.00000000e+00, 6.04926682e+00, 0.00000000e+00, 1.36958667e+03, 1.63084998e+03, 3.52406085e-01, 3.92857134e-01, 4.99999942e-03
146, 3.52406085e-01, 3.57142866e-01, 4.99999942e-03, null, 1.78571398e-04, 2.00000000e+00, 9.98200012e+02, 835, 6.76776111e-01, 3.57143021e+00, 1.00000489e+00, 1.91827968e-01, 1.91825107e-01, 1.04834395e-03, 0.00000000e+00, null, null, 0.00000000e+00, null, 0.00000000e+00, 9.05804901e+01, 8.94195023e+01, 1.00000000e+00, -1.00000000e+00, 0.00000000e+00, 0.00000000e+00, -1.07422083e+03, 8.33701630e+01, 2.82498859e-02, 0.00000000e+00, 0.00000000e+00, 8.62402976e-01, -7.92948604e-01, 3.39074373e-01, 4.52531301e-09, 0.00000000e+00, 0.00000000e+00, 1.24883690e+01, 1.24414053e+01, 1.08202887e+00, -6.21825109e-07, 0.00000000e+00, 0.00000000e+00, 0.00000000e+00, 0.00000000e+00, 0.00000000e+00, 0.00000000e+00, 0.00000000e+00, 1.21023312e+01, 6.21825109e-07, 4.52531301e-09, 1.21023312e+01, 2.89080262e-01, 0.00000000e+00, -5.07655478e+00, 3.25127292e+00, 0.00000000e+00, 0.00000000e+00, 1.34864748e+00, 0.00000000e+00, -4.86549616e+00, 0.00000000e+00, 0.00000000e+00, 0.00000000e+00, 0.00000000e+00, 0.00000000e+00, 0.00000000e+00, 0.00000000e+00, 0.00000000e+00, 0.00000000e+00, 0.00000000e+00, 5.87072706e+00, 0.00000000e+00, 5.87072706e+00, 0.00000000e+00, 1.34917578e+03, 1.62759949e+03, 3.52406085e-01, 3.57142866e-01, 4.99999942e-03
147, 3.52406085e-01, 3.57142866e-01, -4.99999942e-03, null, 1.78571398e-04, 2.00000000e+00, 9.98200012e+02, 1676, 6.76776111e-01, 3.57143021e+00, 1.00000489e+00, 1.91827968e-01, 1.91825107e-01, 1.04834395e-03, 0.00000000e+00, null, null, 0.00000000e+00, null, 0.00000000e+00, 9.05804901e+01, 8.94195023e+01, 1.00000000e+00, -1.00000000e+00, 0.00000000e+00, 0.00000000e+00, -1.07422083e+03, 8.33701630e+01, 2.82498859e-02, 0.00000000e+00, 0.00000000e+00, 8.62402976e-01, -7.92948604e-01, 3.39074373e-01, 4.52531301e-09, 0.00000000e+00, 0.00000000e+00, 1.24883690e+01, 1.24414053e+01, 1.08202887e+00, -6.21825109e-07, 0.00000000e+00, 0.00000000e+00, 0.00000000e+00, 0.00000000e+00, 0.00000000e+00, 0.00000000e+00, 0.00000000e+00, 1.21023312e+01, 6.21825109e-07, 4.52531301e-09, 1.21023312e+01, 2.89080262e-01, 0.00000000e+00, -5.07655478e+00, 3.25127292e+00, 0.00000000e+00, 0.00000000e+00, 1.34864748e+00, 0.00000000e+00, -4.86549616e+00, 0.00000000e+00, 0.00000000e+00, 0.00000000e+00, 0.00000000e+00, 0.00000000e+00, 0.00000000e+00, 0.00000000e+00, 0.00000000e+00, 0.00000000e+00, 0.00000000e+00, 5.87072706e+00, 0.00000000e+00, 5.87072706e+00, 0.00000000e+00, 1.34917578e+03, 1.62759949e+03, 3.52406085e-01, 3.57142866e-01, -4.99999942e-03
148, 3.52406085e-01, 3.21428567e-01, -4.99999942e-03, null, 1.78571398e-04, 2.00000000e+00, 9.98200012e+02, 1616, 6.72444999e-01, 3.57143021e+00, 1.00000441e+00, 1.76004604e-01, 1.76001742e-01, 1.00171985e-03, 0.00000000e+00, null, null, 0.00000000e+00, null, 0.00000000e+00, 9.05808334e+01, 8.94191666e+01, 1.00000000e+00, -1.00000000e+00, 0.00000000e+00, 0.00000000e+00, -9.85609924e+02, 8.28170776e+01, 2.78835855e-02, 0.00000000e+00, 0.00000000e+00, 1.13742638e+00, -1.07641697e+00, 3.67512405e-01, 1.82786035e-08, 0.00000000e+00, 0.00000000e+00, 1.21493320e+01, 1.20650415e+01, 1.42864978e+00, -1.21827952e-06, 0.00000000e+00, 0.00000000e+00, 0.00000000e+00, 0.00000000e+00, 0.00000000e+00, 0.00000000e+00, 0.00000000e+00, 1.16975288e+01, 1.21827952e-06, 1.82786035e-08, 1.16975288e+01, 3.52232814e-01, 0.00000000e+00, -5.97187519e+00, 3.80032706e+00, 0.00000000e+00, 0.00000000e+00, 1.52981806e+00, 0.00000000e+00, -7.92899704e+00, 0.00000000e+00, 0.00000000e+00, 0.00000000e+00, 0.00000000e+00, 0.00000000e+00, 0.00000000e+00, 0.00000000e+00, 0.00000000e+00, 0.00000000e+00, 0.00000000e+00, 5.60963202e+00, 0.00000000e+00, 5.60963202e+00, 0.00000000e+00, 1.31876233e+03, 1.61678357e+03, 3.52406085e-01, 3.21428567e-01, -4.99999942e-03
149, 3.52406085e-01, 3.21428567e-01, 4.99999942e-03, null, 1.78571398e-04, 2.00000000e+00, 9.98200012e+02, 775, 6.72444999e-01, 3.57143021e+00, 1.00000441e+00, 1.76004604e-01, 1.76001742e-01, 1.00171985e-03, 0.00000000e+00, null, null, 0.00000000e+00, null, 0.00000000e+00, 9.05808334e+01, 8.94191666e+01, 1.00000000e+00, -1.00000000e+00, 0.00000000e+00, 0.00000000e+00, -9.85609924e+02, 8.28170776e+01, 2.78835855e-02, 0.00000000e+00, 0.00000000e+00, 1.13742638e+00, -1.07641697e+00, 3.67512405e-01, 1.82786035e-08, 0.00000000e+00, 0.00000000e+00, 1.21493320e+01, 1.20650415e+01, 1.42864978e+00, -1.21827952e-06, 0.00000000e+00, 0.00000000e+00, 0.00000000e+00, 0.00000000e+00, 0.00000000e+00, 0.00000000e+00, 0.00000000e+00, 1.16975288e+01, 1.21827952e-06, 1.82786035e-08, 1.16975288e+01, 3.52232814e-01, 0.00000000e+00, -5.97187519e+00, 3.80032706e+00, 0.00000000e+00, 0.00000000e+00, 1.52981806e+00, 0.00000000e+00, -7.92899704e+00, 0.00000000e+00, 0.00000000e+00, 0.00000000e+00, 0.00000000e+00, 0.00000000e+00, 0.00000000e+00, 0.00000000e+00, 0.00000000e+00, 0.00000000e+00, 0.00000000e+00, 5.60963202e+00, 0.00000000e+00, 5.60963202e+00, 0.00000000e+00, 1.31876233e+03, 1.61678357e+03, 3.52406085e-01, 3.21428567e-01, 4.99999942e-03
150, 3.52406085e-01, 2.85714298e-01, 4.99999942e-03, null, 1.78571470e-04, 2.00000000e+00, 9.98200012e+02, 836, 6.64373994e-01, 3.57143021e+00, 1.00000179e+00, 1.56891897e-01, 1.56889081e-01, 9.39501566e-04, 0.00000000e+00, null, null, 0.00000000e+00, null, 0.00000000e+00, 9.05810776e+01, 8.94189148e+01, 1.00000000e+00, -1.00000000e+00, 0.00000000e+00, 0.00000000e+00, -8.78578613e+02, 8.18027496e+01, 2.72128303e-02, 0.00000000e+00, 0.00000000e+00, 1.45049417e+00, -1.39137185e+00, 4.09899831e-01, -1.84560420e-08, 0.00000000e+00, 0.00000000e+00, 1.17041044e+01, 1.15621910e+01, 1.81708503e+00, -1.14605234e-06, 0.00000000e+00, 0.00000000e+00, 0.00000000e+00, 0.00000000e+00, 0.00000000e+00, 0.00000000e+00, 0.00000000e+00, 1.11522913e+01, 1.14605234e-06, -1.84560420e-08, 1.11522913e+01, 4.25713181e-01, 0.00000000e+00, -7.26758099e+00, 4.71993303e+00, 0.00000000e+00, 0.00000000e+00, 1.74865544e+00, 0.00000000e+00, -1.43055639e+01, 0.00000000e+00, 0.00000000e+00, 0.00000000e+00, 0.00000000e+00, 0.00000000e+00, 0.00000000e+00, 0.00000000e+00, 0.00000000e+00, 0.00000000e+00, 0.00000000e+00, 5.26120758e+00, 0.00000000e+00, 5.26120758e+00, 0.00000000e+00, 1.27703796e+03, 1.59696497e+03, 3.52406085e-01, 2.85714298e-01, 4.99999942e-03
151, 3.52406085e-01, 2.85714298e-01, -4.99999942e-03, null, 1.78571470e-04, 2.00000000e+00, 9.98200012e+02, 1677, 6.64373994e-01, 3.57143021e+00, 1.00000179e+00, 1.56891897e-01, 1.56889081e-01, 9.39501566e-04, 0.00000000e+00, null, null, 0.00000000e+00, null, 0.00000000e+00, 9.05810776e+01, 8.94189148e+01, 1.00000000e+00, -1.00000000e+00, 0.00000000e+00, 0.00000000e+00, -8.78578613e+02, 8.18027496e+01, 2.72128303e-02, 0.00000000e+00, 0.00000000e+00, 1.45049417e+00, -1.39137185e+00, 4.09899831e-01, -1.84560420e-08, 0.00000000e+00, 0.00000000e+00, 1.17041044e+01, 1.15621910e+01, 1.81708503e+00, -1.14605234e-06, 0.00000000e+00, 0.00000000e+00, 0.00000000e+00, 0.00000000e+00, 0.00000000e+00, 0.00000000e+00, 0.00000000e+00, 1.11522913e+01, 1.14605234e-06, -1.84560420e-08, 1.11522913e+01, 4.25713181e-01, 0.00000000e+00, -7.26758099e+00, 4.71993303e+00, 0.00000000e+00, 0.00000000e+00, 1.74865544e+00, 0.00000000e+00, -1.43055639e+01, 0.00000000e+00, 0.00000000e+00, 0.00000000e+00, 0.00000000e+00, 0.00000000e+00, 0.00000000e+00, 0.00000000e+00, 0.00000000e+00, 0.00000000e+00, 0.00000000e+00, 5.26120758e+00, 0.00000000e+00, 5.26120758e+00, 0.00000000e+00, 1.27703796e+03, 1.59696497e+03, 3.52406085e-01, 2.85714298e-01, -4.99999942e-03
152, 3.52406085e-01, 2.50000000e-01, -4.99999942e-03, null, 1.78571325e-04, 2.00000000e+00, 9.98200012e+02, 1615, 6.51486814e-01, 3.57143021e+00, 1.00000334e+00, 1.34668559e-01, 1.34665817e-01, 8.60216271e-04, 0.00000000e+00, null, null, 0.00000000e+00, null, 0.00000000e+00, 9.05812225e+01, 8.94187775e+01, 1.00000000e+00, -1.00000000e+00, 0.00000000e+00, 0.00000000e+00, -7.54129028e+02, 8.01953049e+01, 2.61631645e-02, 0.00000000e+00, 0.00000000e+00, 1.80995750e+00, -1.74767554e+00, 4.70719337e-01, -7.27595975e-08, 0.00000000e+00, 0.00000000e+00, 1.11424446e+01, 1.09095440e+01, 2.26625776e+00, -2.86777208e-07, 0.00000000e+00, 0.00000000e+00, 0.00000000e+00, 0.00000000e+00, 0.00000000e+00, 0.00000000e+00, 0.00000000e+00, 1.04388247e+01, 2.86777208e-07, -7.27595975e-08, 1.04388247e+01, 5.18582225e-01, 0.00000000e+00, -9.09601688e+00, 6.10151196e+00, 0.00000000e+00, 0.00000000e+00, 2.02277040e+00, 0.00000000e+00, -2.80794239e+01, 0.00000000e+00, 0.00000000e+00, 0.00000000e+00, 0.00000000e+00, 0.00000000e+00, 0.00000000e+00, 0.00000000e+00, 0.00000000e+00, 0.00000000e+00, 0.00000000e+00, 4.81721401e+00, 0.00000000e+00, 4.81721401e+00, 0.00000000e+00, 1.22177466e+03, 1.56556812e+03, 3.52406085e-01, 2.50000000e-01, -4.99999942e-03
153, 3.52406085e-01, 2.50000000e-01, 4.99999942e-03, null, 1.78571325e-04, 2.00000000e+00, 9.98200012e+02, 774, 6.51486814e-01, 3.57143021e+00, 1.00000334e+00, 1.34668559e-01, 1.34665817e-01, 8.60216271e-04, 0.00000000e+00, null, null, 0.00000000e+00, null, 0.00000000e+00, 9.05812225e+01, 8.94187775e+01, 1.00000000e+00, -1.00000000e+00, 0.00000000e+00, 0.00000000e+00, -7.54129028e+02, 8.01953049e+01, 2.61631645e-02, 0.00000000e+00, 0.00000000e+00, 1.80995750e+00, -1.74767554e+00, 4.70719337e-01, -7.27595975e-08, 0.00000000e+00, 0.00000000e+00, 1.11424446e+01, 1.09095440e+01, 2.26625776e+00, -2.86777208e-07, 0.00000000e+00, 0.00000000e+00, 0.00000000e+00, 0.00000000e+00, 0.00000000e+00, 0.00000000e+00, 0.00000000e+00, 1.04388247e+01, 2.86777208e-07, -7.27595975e-08, 1.04388247e+01, 5.18582225e-01, 0.00000000e+00, -9.09601688e+00, 6.10151196e+00, 0.00000000e+00, 0.00000000e+00, 2.02277040e+00, 0.00000000e+00, -2.80794239e+01, 0.00000000e+00, 0.00000000e+00, 0.00000000e+00, 0.00000000e+00, 0.00000000e+00, 0.00000000e+00, 0.00000000e+00, 0.00000000e+00, 0.00000000e+00, 0.00000000e+00, 4.81721401e+00, 0.00000000e+00, 4.81721401e+00, 0.00000000e+00, 1.22177466e+03, 1.56556812e+03, 3.52406085e-01, 2.50000000e-01, 4.99999942e-03
154, 3.52406085e-01, 2.14285716e-01, 4.99999942e-03, null, 1.78571470e-04, 2.00000000e+00, 9.98200012e+02, 837, 6.32047355e-01, 3.57142878e+00, 1.00000060e+00, 1.09735891e-01, 1.09733246e-01, 7.61672447e-04, 0.00000000e+00, null, null, 0.00000000e+00, null, 0.00000000e+00, 9.05813980e+01, 8.94186020e+01, 1.00000000e+00, -1.00000000e+00, 0.00000000e+00, 0.00000000e+00, -6.14506042e+02, 7.77818604e+01, 2.46237032e-02, 0.00000000e+00, 0.00000000e+00, 2.22025156e+00, -2.15311837e+00, 5.41846871e-01, 3.69124180e-08, 0.00000000e+00, 0.00000000e+00, 1.04623680e+01, 1.00850420e+01, 2.78443313e+00, 2.89618043e-07, 0.00000000e+00, 0.00000000e+00, 0.00000000e+00, 0.00000000e+00, 0.00000000e+00, 0.00000000e+00, 0.00000000e+00, 9.54319477e+00, -2.89618043e-07, 3.69124180e-08, 9.54319477e+00, 6.31314754e-01, 0.00000000e+00, -1.14597626e+01, 7.96018648e+00, 0.00000000e+00, 0.00000000e+00, 2.34463596e+00, 0.00000000e+00, -5.62241440e+01, 0.00000000e+00, 0.00000000e+00, 0.00000000e+00, 0.00000000e+00, 0.00000000e+00, 0.00000000e+00, 0.00000000e+00, 0.00000000e+00, 0.00000000e+00, 0.00000000e+00, 4.26536465e+00, 0.00000000e+00, 4.26536465e+00, 0.00000000e+00, 1.14930627e+03, 1.51843091e+03, 3.52406085e-01, 2.14285716e-01, 4.99999942e-03
155, 3.52406085e-01, 2.14285716e-01, -4.99999942e-03, null, 1.78571470e-04, 2.00000000e+00, 9.98200012e+02, 1678, 6.32047355e-01, 3.57142878e+00, 1.00000060e+00, 1.09735891e-01, 1.09733246e-01, 7.61672447e-04, 0.00000000e+00, null, null, 0.00000000e+00, null, 0.00000000e+00, 9.05813980e+01, 8.94186020e+01, 1.00000000e+00, -1.00000000e+00, 0.00000000e+00, 0.00000000e+00, -6.14506042e+02, 7.77818604e+01, 2.46237032e-02, 0.00000000e+00, 0.00000000e+00, 2.22025156e+00, -2.15311837e+00, 5.41846871e-01, 3.69124180e-08, 0.00000000e+00, 0.00000000e+00, 1.04623680e+01, 1.00850420e+01, 2.78443313e+00, 2.89618043e-07, 0.00000000e+00, 0.00000000e+00, 0.00000000e+00, 0.00000000e+00, 0.00000000e+00, 0.00000000e+00, 0.00000000e+00, 9.54319477e+00, -2.89618043e-07, 3.69124180e-08, 9.54319477e+00, 6.31314754e-01, 0.00000000e+00, -1.14597626e+01, 7.96018648e+00, 0.00000000e+00, 0.00000000e+00, 2.34463596e+00, 0.00000000e+00, -5.62241440e+01, 0.00000000e+00, 0.00000000e+00, 0.00000000e+00, 0.00000000e+00, 0.00000000e+00, 0.00000000e+00, 0.00000000e+00, 0.00000000e+00, 0.00000000e+00, 0.00000000e+00, 4.26536465e+00, 0.00000000e+00, 4.26536465e+00, 0.00000000e+00, 1.14930627e+03, 1.51843091e+03, 3.52406085e-01, 2.14285716e-01, -4.99999942e-03
156, 3.52406085e-01, 1.78571433e-01, -4.99999942e-03, null, 1.78571354e-04, 2.00000000e+00, 9.98200012e+02, 1614, 6.03807151e-01, 3.57142878e+00, 1.00000167e+00, 8.32576379e-02, 8.32551494e-02, 6.43243897e-04, 0.00000000e+00, null, null, 0.00000000e+00, null, 0.00000000e+00, 9.05814438e+01, 8.94185562e+01, 1.00000000e+00, -1.00000000e+00, 0.00000000e+00, 0.00000000e+00, -4.66229034e+02, 7.42868652e+01, 2.24761590e-02, 0.00000000e+00, 0.00000000e+00, 2.67468023e+00, -2.60656404e+00, 5.99781752e-01, 1.08961807e-07, 0.00000000e+00, 0.00000000e+00, 9.65387917e+00, 9.05274010e+00, 3.35339832e+00, 0.00000000e+00, 0.00000000e+00, 0.00000000e+00, 0.00000000e+00, 0.00000000e+00, 0.00000000e+00, 0.00000000e+00, 0.00000000e+00, 8.45295811e+00, 0.00000000e+00, 1.08961807e-07, 8.45295811e+00, 7.46834278e-01, 0.00000000e+00, -1.41705160e+01, 1.02132540e+01, 0.00000000e+00, 0.00000000e+00, 2.67244792e+00, 0.00000000e+00, -1.06425537e+02, 0.00000000e+00, 0.00000000e+00, 0.00000000e+00, 0.00000000e+00, 0.00000000e+00, 0.00000000e+00, 0.00000000e+00, 0.00000000e+00, 0.00000000e+00, 0.00000000e+00, 3.60216737e+00, 0.00000000e+00, 3.60216737e+00, 0.00000000e+00, 1.05554553e+03, 1.45016638e+03, 3.52406085e-01, 1.78571433e-01, -4.99999942e-03
157, 3.52406085e-01, 1.78571433e-01, 4.99999942e-03, null, 1.78571354e-04, 2.00000000e+00, 9.98200012e+02, 773, 6.03807151e-01, 3.57142878e+00, 1.00000167e+00, 8.32576379e-02, 8.32551494e-02, 6.43243897e-04, 0.00000000e+00, null, null, 0.00000000e+00, null, 0.00000000e+00, 9.05814438e+01, 8.94185562e+01, 1.00000000e+00, -1.00000000e+00, 0.00000000e+00, 0.00000000e+00, -4.66229034e+02, 7.42868652e+01, 2.24761590e-02, 0.00000000e+00, 0.00000000e+00, 2.67468023e+00, -2.60656404e+00, 5.99781752e-01, 1.08961807e-07, 0.00000000e+00, 0.00000000e+00, 9.65387917e+00, 9.05274010e+00, 3.35339832e+00, 0.00000000e+00, 0.00000000e+00, 0.00000000e+00, 0.00000000e+00, 0.00000000e+00, 0.00000000e+00, 0.00000000e+00, 0.00000000e+00, 8.45295811e+00, 0.00000000e+00, 1.08961807e-07, 8.45295811e+00, 7.46834278e-01, 0.00000000e+00, -1.41705160e+01, 1.02132540e+01, 0.00000000e+00, 0.00000000e+00, 2.67244792e+00, 0.00000000e+00, -1.06425537e+02, 0.00000000e+00, 0.00000000e+00, 0.00000000e+00, 0.00000000e+00, 0.00000000e+00, 0.00000000e+00, 0.00000000e+00, 0.00000000e+00, 0.00000000e+00, 0.00000000e+00, 3.60216737e+00, 0.00000000e+00, 3.60216737e+00, 0.00000000e+00, 1.05554553e+03, 1.45016638e+03, 3.52406085e-01, 1.78571433e-01, 4.99999942e-03
158, 3.52406085e-01, 1.42857149e-01, 4.99999942e-03, null, 1.78571441e-04, 2.00000000e+00, 9.98200012e+02, 838, 5.65686405e-01, 3.57142949e+00, 1.00356197e+00, 5.71634918e-02, 5.71612269e-02, 5.08796598e-04, 0.00000000e+00, null, null, 0.00000000e+00, null, 0.00000000e+00, 9.05815201e+01, 8.94184799e+01, 1.00000000e+00, -1.00000000e+00, 0.00000000e+00, 0.00000000e+00, -3.20102844e+02, 6.94291916e+01, 1.96941458e-02, 0.00000000e+00, 0.00000000e+00, 3.13694453e+00, -3.07635975e+00, 6.13539875e-01, 3.62437582e-08, 0.00000000e+00, 0.00000000e+00, 8.72607994e+00, 7.76386404e+00, 3.98332548e+00, -1.46063357e-07, 0.00000000e+00, 0.00000000e+00, 0.00000000e+00, 0.00000000e+00, 0.00000000e+00, 0.00000000e+00, 0.00000000e+00, 7.15032434e+00, 1.46063357e-07, 3.62437582e-08, 7.15032434e+00, 9.06965733e-01, 0.00000000e+00, -1.70175819e+01, 1.24608049e+01, 0.00000000e+00, 0.00000000e+00, 3.05246878e+00, 0.00000000e+00, -1.84733871e+02, 0.00000000e+00, 0.00000000e+00, 0.00000000e+00, 0.00000000e+00, 0.00000000e+00, 0.00000000e+00, 0.00000000e+00, 0.00000000e+00, 0.00000000e+00, 0.00000000e+00, 2.84926081e+00, 0.00000000e+00, 2.84926081e+00, 0.00000000e+00, 9.38606628e+02, 1.35806531e+03, 3.52406085e-01, 1.42857149e-01, 4.99999942e-03
159, 3.52406085e-01, 1.42857149e-01, -4.99999942e-03, null, 1.78571441e-04, 2.00000000e+00, 9.98200012e+02, 1679, 5.65686405e-01, 3.57142949e+00, 1.00356197e+00, 5.71634918e-02, 5.71612269e-02, 5.08796598e-04, 0.00000000e+00, null, null, 0.00000000e+00, null, 0.00000000e+00, 9.05815201e+01, 8.94184799e+01, 1.00000000e+00, -1.00000000e+00, 0.00000000e+00, 0.00000000e+00, -3.20102844e+02, 6.94291916e+01, 1.96941458e-02, 0.00000000e+00, 0.00000000e+00, 3.13694453e+00, -3.07635975e+00, 6.13539875e-01, 3.62437582e-08, 0.00000000e+00, 0.00000000e+00, 8.72607994e+00, 7.76386404e+00, 3.98332548e+00, -1.46063357e-07, 0.00000000e+00, 0.00000000e+00, 0.00000000e+00, 0.00000000e+00, 0.00000000e+00, 0.00000000e+00, 0.00000000e+00, 7.15032434e+00, 1.46063357e-07, 3.62437582e-08, 7.15032434e+00, 9.06965733e-01, 0.00000000e+00, -1.70175819e+01, 1.24608049e+01, 0.00000000e+00, 0.00000000e+00, 3.05246878e+00, 0.00000000e+00, -1.84733871e+02, 0.00000000e+00, 0.00000000e+00, 0.00000000e+00, 0.00000000e+00, 0.00000000e+00, 0.00000000e+00, 0.00000000e+00, 0.00000000e+00, 0.00000000e+00, 0.00000000e+00, 2.84926081e+00, 0.00000000e+00, 2.84926081e+00, 0.00000000e+00, 9.38606628e+02, 1.35806531e+03, 3.52406085e-01, 1.42857149e-01, -4.99999942e-03
160, 3.52406085e-01, 1.07142858e-01, -4.99999942e-03, null, 1.78571398e-04, 2.00000000e+00, 9.98200012e+02, 1613, 4.99501169e-01, 3.57142949e+00, 1.00284076e+00, 3.26682888e-02, 3.26662622e-02, 3.63987230e-04, 0.00000000e+00, null, null, 0.00000000e+00, null, 0.00000000e+00, 9.03350525e+01, 8.96649475e+01, 1.00000000e+00, -1.00000000e+00, 0.00000000e+00, 0.00000000e+00, -1.82931091e+02, 6.32359123e+01, 1.64450519e-02, 0.00000000e+00, 0.00000000e+00, 3.52969933e+00, -3.48135781e+00, 5.82173228e-01, -7.28982599e-08, 0.00000000e+00, 0.00000000e+00, 7.74423647e+00, 6.19395781e+00, 4.64844990e+00, -2.91038390e-07, 0.00000000e+00, 0.00000000e+00, 0.00000000e+00, 0.00000000e+00, 0.00000000e+00, 0.00000000e+00, 0.00000000e+00, 5.61178446e+00, 2.91038390e-07, -7.28982599e-08, 5.61178446e+00, 1.16709208e+00, 0.00000000e+00, -1.97888737e+01, 1.42939873e+01, 0.00000000e+00, 0.00000000e+00, 3.53933525e+00, 0.00000000e+00, -2.91950500e+02, 0.00000000e+00, 0.00000000e+00, 0.00000000e+00, 0.00000000e+00, 0.00000000e+00, 0.00000000e+00, 0.00000000e+00, 0.00000000e+00, 0.00000000e+00, 0.00000000e+00, 2.03832889e+00, 0.00000000e+00, 2.03832889e+00, 0.00000000e+00, 7.93504395e+02, 1.24293591e+03, 3.52406085e-01, 1.07142858e-01, -4.99999942e-03
161, 3.52406085e-01, 1.07142858e-01, 4.99999942e-03, null, 1.78571398e-04, 2.00000000e+00, 9.98200012e+02, 772, 4.99501169e-01, 3.57142949e+00, 1.00284076e+00, 3.26682888e-02, 3.26662622e-02, 3.63987230e-04, 0.00000000e+00, null, null, 0.00000000e+00, null, 0.00000000e+00, 9.03350525e+01, 8.96649475e+01, 1.00000000e+00, -1.00000000e+00, 0.00000000e+00, 0.00000000e+00, -1.82931091e+02, 6.32359123e+01, 1.64450519e-02, 0.00000000e+00, 0.00000000e+00, 3.52969933e+00, -3.48135781e+00, 5.82173228e-01, -7.28982599e-08, 0.00000000e+00, 0.00000000e+00, 7.74423647e+00, 6.19395781e+00, 4.64844990e+00, -2.91038390e-07, 0.00000000e+00, 0.00000000e+00, 0.00000000e+00, 0.00000000e+00, 0.00000000e+00, 0.00000000e+00, 0.00000000e+00, 5.61178446e+00, 2.91038390e-07, -7.28982599e-08, 5.61178446e+00, 1.16709208e+00, 0.00000000e+00, -1.97888737e+01, 1.42939873e+01, 0.00000000e+00, 0.00000000e+00, 3.53933525e+00, 0.00000000e+00, -2.91950500e+02, 0.00000000e+00, 0.00000000e+00, 0.00000000e+00, 0.00000000e+00, 0.00000000e+00, 0.00000000e+00, 0.00000000e+00, 0.00000000e+00, 0.00000000e+00, 0.00000000e+00, 2.03832889e+00, 0.00000000e+00, 2.03832889e+00, 0.00000000e+00, 7.93504395e+02, 1.24293591e+03, 3.52406085e-01, 1.07142858e-01, 4.99999942e-03
162, 3.52406085e-01, 7.14285746e-02, 4.99999942e-03, null, 1.78571412e-04, 2.00000000e+00, 9.98200012e+02, 839, 4.45337355e-01, 3.57142925e+00, 1.00079179e+00, 1.20509807e-02, 1.20489793e-02, 2.19631431e-04, 0.00000000e+00, null, null, 0.00000000e+00, null, 0.00000000e+00, 9.00899582e+01, 8.99100418e+01, 1.00000000e+00, -1.00000000e+00, 0.00000000e+00, 0.00000000e+00, -6.74742889e+01, 5.62949753e+01, 1.31249949e-02, 0.00000000e+00, 0.00000000e+00, 3.72837949e+00, -3.70407605e+00, 4.25011694e-01, -7.27228979e-08, 0.00000000e+00, 0.00000000e+00, 6.37110615e+00, 4.45966625e+00, 4.54998589e+00, -1.81843944e-07, 0.00000000e+00, 0.00000000e+00, 0.00000000e+00, 0.00000000e+00, 0.00000000e+00, 0.00000000e+00, 0.00000000e+00, 4.03465462e+00, 1.81843944e-07, -7.27228979e-08, 4.03465462e+00, 8.45909834e-01, 0.00000000e+00, -1.87489052e+01, 1.50500736e+01, 0.00000000e+00, 0.00000000e+00, 3.05509114e+00, 0.00000000e+00, -2.46426849e+02, 0.00000000e+00, 0.00000000e+00, 0.00000000e+00, 0.00000000e+00, 0.00000000e+00, 0.00000000e+00, 0.00000000e+00, 0.00000000e+00, 0.00000000e+00, 0.00000000e+00, 1.22993612e+00, 0.00000000e+00, 1.22993612e+00, 0.00000000e+00, 6.12993042e+02, 1.11175000e+03, 3.52406085e-01, 7.14285746e-02, 4.99999942e-03
163, 3.52406085e-01, 7.14285746e-02, -4.99999942e-03, null, 1.78571412e-04, 2.00000000e+00, 9.98200012e+02, 1680, 4.45337355e-01, 3.57142925e+00, 1.00079179e+00, 1.20509807e-02, 1.20489793e-02, 2.19631431e-04, 0.00000000e+00, null, null, 0.00000000e+00, null, 0.00000000e+00, 9.00899582e+01, 8.99100418e+01, 1.00000000e+00, -1.00000000e+00, 0.00000000e+00, 0.00000000e+00, -6.74742889e+01, 5.62949753e+01, 1.31249949e-02, 0.00000000e+00, 0.00000000e+00, 3.72837949e+00, -3.70407605e+00, 4.25011694e-01, -7.27228979e-08, 0.00000000e+00, 0.00000000e+00, 6.37110615e+00, 4.45966625e+00, 4.54998589e+00, -1.81843944e-07, 0.00000000e+00, 0.00000000e+00, 0.00000000e+00, 0.00000000e+00, 0.00000000e+00, 0.00000000e+00, 0.00000000e+00, 4.03465462e+00, 1.81843944e-07, -7.27228979e-08, 4.03465462e+00, 8.45909834e-01, 0.00000000e+00, -1.87489052e+01, 1.50500736e+01, 0.00000000e+00, 0.00000000e+00, 3.05509114e+00, 0.00000000e+00, -2.46426849e+02, 0.00000000e+00, 0.00000000e+00, 0.00000000e+00, 0.00000000e+00, 0.00000000e+00, 0.00000000e+00, 0.00000000e+00, 0.00000000e+00, 0.00000000e+00, 0.00000000e+00, 1.22993612e+00, 0.00000000e+00, 1.22993612e+00, 0.00000000e+00, 6.12993042e+02, 1.11175000e+03, 3.52406085e-01, 7.14285746e-02, -4.99999942e-03
164, 3.52406085e-01, 3.57142873e-02, -4.99999942e-03, null, 1.78571412e-04, 2.00000000e+00, 9.98200012e+02, 1612, 4.15590942e-01, 3.57142925e+00, 1.00220728e+00, 1.62302412e-03, 1.61883153e-03, 1.16583724e-04, 0.00000000e+00, null, null, 0.00000000e+00, null, 0.00000000e+00, 9.00448761e+01, 8.99551239e+01, 1.00000000e+00, -1.00000000e+00, 0.00000000e+00, 0.00000000e+00, -9.06545734e+00, 5.01521187e+01, 1.04612969e-02, 0.00000000e+00, 0.00000000e+00, 3.40043449e+00, -3.33084774e+00, -6.84403718e-01, 0.00000000e+00, 0.00000000e+00, 0.00000000e+00, 4.44552040e+00, 2.73893237e+00, 3.50155711e+00, 3.63438595e-08, 0.00000000e+00, 0.00000000e+00, 0.00000000e+00, 0.00000000e+00, 0.00000000e+00, 0.00000000e+00, 0.00000000e+00, 3.42333603e+00, -3.63438595e-08, 0.00000000e+00, 3.42333603e+00, 1.70709372e-01, 0.00000000e+00, -9.78861809e+00, 9.19421577e+00, 0.00000000e+00, 0.00000000e+00, 1.36327922e+00, 0.00000000e+00, -3.47635002e+01, 0.00000000e+00, 0.00000000e+00, 0.00000000e+00, 0.00000000e+00, 0.00000000e+00, 0.00000000e+00, 0.00000000e+00, 0.00000000e+00, 0.00000000e+00, 0.00000000e+00, 6.52868927e-01, 0.00000000e+00, 6.52868927e-01, 0.00000000e+00, 4.48807404e+02, 9.94459534e+02, 3.52406085e-01, 3.57142873e-02, -4.99999942e-03
165, 3.52406085e-01, 3.57142873e-02, 4.99999942e-03, null, 1.78571412e-04, 2.00000000e+00, 9.98200012e+02, 771, 4.15590942e-01, 3.57142925e+00, 1.00220728e+00, 1.62302412e-03, 1.61883153e-03, 1.16583724e-04, 0.00000000e+00, null, null, 0.00000000e+00, null, 0.00000000e+00, 9.00448761e+01, 8.99551239e+01, 1.00000000e+00, -1.00000000e+00, 0.00000000e+00, 0.00000000e+00, -9.06545734e+00, 5.01521187e+01, 1.04612969e-02, 0.00000000e+00, 0.00000000e+00, 3.40043449e+00, -3.33084774e+00, -6.84403718e-01, 0.00000000e+00, 0.00000000e+00, 0.00000000e+00, 4.44552040e+00, 2.73893237e+00, 3.50155711e+00, 3.63438595e-08, 0.00000000e+00, 0.00000000e+00, 0.00000000e+00, 0.00000000e+00, 0.00000000e+00, 0.00000000e+00, 0.00000000e+00, 3.42333603e+00, -3.63438595e-08, 0.00000000e+00, 3.42333603e+00, 1.70709372e-01, 0.00000000e+00, -9.78861809e+00, 9.19421577e+00, 0.00000000e+00, 0.00000000e+00, 1.36327922e+00, 0.00000000e+00, -3.47635002e+01, 0.00000000e+00, 0.00000000e+00, 0.00000000e+00, 0.00000000e+00, 0.00000000e+00, 0.00000000e+00, 0.00000000e+00, 0.00000000e+00, 0.00000000e+00, 0.00000000e+00, 6.52868927e-01, 0.00000000e+00, 6.52868927e-01, 0.00000000e+00, 4.48807404e+02, 9.94459534e+02, 3.52406085e-01, 3.57142873e-02, 4.99999942e-03
166, 3.52406085e-01, 0.00000000e+00, 4.99999942e-03, null, 1.78571368e-04, 1.00000000e+00, 9.98200012e+02, 841, 3.95235360e-01, 3.57142925e+00, 1.00000000e+00, 6.00186650e-05, -4.31073349e-05, 4.17612027e-05, 0.00000000e+00, null, null, 0.00000000e+00, null, 0.00000000e+00, 9.00000000e+01, 9.00000000e+01, 1.00000000e+00, -7.07107008e-01, -7.07106650e-01, 0.00000000e+00, 0.00000000e+00, 4.75487785e+01, 9.41121764e-03, 0.00000000e+00, 0.00000000e+00, 3.34807730e+00, -2.90746236e+00, -1.66020608e+00, 0.00000000e+00, 0.00000000e+00, 0.00000000e+00, 3.44723177e+00, 1.89683187e+00, 2.87844348e+00, 1.45519195e-07, 0.00000000e+00, 0.00000000e+00, 0.00000000e+00, 0.00000000e+00, 0.00000000e+00, 0.00000000e+00, 0.00000000e+00, 3.55703783e+00, -1.45519195e-07, 0.00000000e+00, 3.55703783e+00, -2.90188789e-02, 0.00000000e+00, -5.21983433e+00, 5.13623476e+00, 0.00000000e+00, 0.00000000e+00, -5.96392512e-01, 0.00000000e+00, -5.26773453e+00, 0.00000000e+00, 0.00000000e+00, 0.00000000e+00, 0.00000000e+00, 0.00000000e+00, 0.00000000e+00, 0.00000000e+00, 0.00000000e+00, 0.00000000e+00, 0.00000000e+00, 3.36104631e-01, -2.41401151e-01, 2.33862817e-01, 0.00000000e+00, 3.87587494e+02, 9.45691895e+02, 3.52406085e-01, 0.00000000e+00, 4.99999942e-03
167, 3.52406085e-01, 0.00000000e+00, -4.99999942e-03, null, 1.78571368e-04, 1.00000000e+00, 9.98200012e+02, 1682, 3.95235360e-01, 3.57142925e+00, 1.00000000e+00, 6.00186650e-05, -4.31073349e-05, 4.17612027e-05, 0.00000000e+00, null, null, 0.00000000e+00, null, 0.00000000e+00, 9.00000000e+01, 9.00000000e+01, 1.00000000e+00, -7.07107008e-01, -7.07106650e-01, 0.00000000e+00, 0.00000000e+00, 4.75487785e+01, 9.41121764e-03, 0.00000000e+00, 0.00000000e+00, 3.34807730e+00, -2.90746236e+00, -1.66020608e+00, 0.00000000e+00, 0.00000000e+00, 0.00000000e+00, 3.44723177e+00, 1.89683187e+00, 2.87844348e+00, 1.45519195e-07, 0.00000000e+00, 0.00000000e+00, 0.00000000e+00, 0.00000000e+00, 0.00000000e+00, 0.00000000e+00, 0.00000000e+00, 3.55703783e+00, -1.45519195e-07, 0.00000000e+00, 3.55703783e+00, -2.90188789e-02, 0.00000000e+00, -5.21983433e+00, 5.13623476e+00, 0.00000000e+00, 0.00000000e+00, -5.96392512e-01, 0.00000000e+00, -5.26773453e+00, 0.00000000e+00, 0.00000000e+00, 0.00000000e+00, 0.00000000e+00, 0.00000000e+00, 0.00000000e+00, 0.00000000e+00, 0.00000000e+00, 0.00000000e+00, 0.00000000e+00, 3.36104631e-01, -2.41401151e-01, 2.33862817e-01, 0.00000000e+00, 3.87587494e+02, 9.45691895e+02, 3.52406085e-01, 0.00000000e+00, -4.99999942e-03
168, 3.52406085e-01, 1.00000000e+00, 4.99999942e-03, null, 8.92855169e-05, 1.00000000e+00, 9.98200012e+02, 840, 2.07415342e+00, 3.57142735e+00, 1.00000000e+00, 1.30578820e-02, 1.30565166e-02, 1.88805425e-04, 0.00000000e+00, null, null, 0.00000000e+00, null, 0.00000000e+00, 9.00000000e+01, 9.00000000e+01, 1.00000000e+00, -1.00000000e+00, 0.00000000e+00, 0.00000000e+00, -1.98774628e+02, 2.50203720e+02, 2.60149986e-01, 5.00000000e+00, 5.00000000e+00, 8.28401184e+01, 1.48126049e+01, 8.15050430e+01, 0.00000000e+00, 5.00000000e+00, 0.00000000e+00, 3.01231217e+00, 1.88381815e+00, -2.35058594e+00, 0.00000000e+00, 0.00000000e+00, 0.00000000e+00, 0.00000000e+00, 0.00000000e+00, 0.00000000e+00, 0.00000000e+00, 0.00000000e+00, 7.96212234e+01, 0.00000000e+00, 0.00000000e+00, -7.96212234e+01, 1.24620190e+01, 0.00000000e+00, -1.88358978e+02, -5.68434189e-14, 0.00000000e+00, 0.00000000e+00, 1.96252995e+01, 0.00000000e+00, -2.98529688e+05, 0.00000000e+00, 0.00000000e+00, 0.00000000e+00, 0.00000000e+00, 0.00000000e+00, 0.00000000e+00, 0.00000000e+00, 0.00000000e+00, 0.00000000e+00, 0.00000000e+00, 5.25838394e+01, -5.25413017e+01, 2.11462545e+00, 0.00000000e+00, 3.45565723e+03, 4.96546973e+03, 3.52406085e-01, 1.00000000e+00, 4.99999942e-03
169, 3.52406085e-01, 1.00000000e+00, -4.99999942e-03, null, 8.92855169e-05, 1.00000000e+00, 9.98200012e+02, 1681, 2.07415342e+00, 3.57142735e+00, 1.00000000e+00, 1.30578820e-02, 1.30565166e-02, 1.88805425e-04, 0.00000000e+00, null, null, 0.00000000e+00, null, 0.00000000e+00, 9.00000000e+01, 9.00000000e+01, 1.00000000e+00, -1.00000000e+00, 0.00000000e+00, 0.00000000e+00, -1.98774628e+02, 2.50203720e+02, 2.60149986e-01, 5.00000000e+00, 5.00000000e+00, 8.28401184e+01, 1.48126049e+01, 8.15050430e+01, 0.00000000e+00, 5.00000000e+00, 0.00000000e+00, 3.01231217e+00, 1.88381815e+00, -2.35058594e+00, 0.00000000e+00, 0.00000000e+00, 0.00000000e+00, 0.00000000e+00, 0.00000000e+00, 0.00000000e+00, 0.00000000e+00, 0.00000000e+00, 7.96212234e+01, 0.00000000e+00, 0.00000000e+00, -7.96212234e+01, 1.24620190e+01, 0.00000000e+00, -1.88358978e+02, -5.68434189e-14, 0.00000000e+00, 0.00000000e+00, 1.96252995e+01, 0.00000000e+00, -2.98529688e+05, 0.00000000e+00, 0.00000000e+00, 0.00000000e+00, 0.00000000e+00, 0.00000000e+00, 0.00000000e+00, 0.00000000e+00, 0.00000000e+00, 0.00000000e+00, 0.00000000e+00, 5.25838394e+01, -5.25413017e+01, 2.11462545e+00, 0.00000000e+00, 3.45565723e+03, 4.96546973e+03, 3.52406085e-01, 1.00000000e+00, -4.99999942e-03

[Faces]
0, 1, 2, 3
4, 5, 6, 7
8, 9, 1, 0
10, 11, 12, 13
3, 2, 5, 4
14, 15, 16, 17
7, 6, 11, 10
18, 19, 20, 21
13, 12, 15, 14
22, 23, 24, 25
17, 16, 19, 18
26, 27, 28, 29
21, 20, 23, 22
30, 31, 32, 33
25, 24, 27, 26
34, 35, 36, 37
29, 28, 31, 30
38, 39, 40, 41
33, 32, 35, 34
42, 43, 44, 45
37, 36, 39, 38
46, 47, 48, 49
41, 40, 43, 42
50, 51, 52, 53
45, 44, 47, 46
49, 48, 51, 50
53, 52, 54, 55
56, 57, 58, 59
60, 61, 62, 63
64, 65, 57, 56
66, 67, 68, 69
59, 58, 61, 60
70, 71, 72, 73
63, 62, 67, 66
74, 75, 76, 77
69, 68, 71, 70
78, 79, 80, 81
73, 72, 75, 74
82, 83, 84, 85
77, 76, 79, 78
86, 87, 88, 89
81, 80, 83, 82
90, 91, 92, 93
85, 84, 87, 86
94, 95, 96, 97
89, 88, 91, 90
98, 99, 100, 101
93, 92, 95, 94
102, 103, 104, 105
97, 96, 99, 98
106, 107, 108, 109
101, 100, 103, 102
110, 111, 9, 8
105, 104, 107, 106
109, 108, 111, 110
112, 113, 114, 115
116, 117, 118, 119
120, 121, 113, 112
122, 123, 124, 125
115, 114, 117, 116
126, 127, 128, 129
119, 118, 123, 122
130, 131, 132, 133
125, 124, 127, 126
134, 135, 136, 137
129, 128, 131, 130
138, 139, 140, 141
133, 132, 135, 134
142, 143, 144, 145
137, 136, 139, 138
146, 147, 148, 149
141, 140, 143, 142
150, 151, 152, 153
145, 144, 147, 146
154, 155, 156, 157
149, 148, 151, 150
158, 159, 160, 161
153, 152, 155, 154
162, 163, 164, 165
157, 156, 159, 158
161, 160, 163, 162
166, 167, 65, 64
165, 164, 167, 166
168, 169, 121, 120


